#usda 1.0
(
    defaultPrim = "World"
    endTimeCode = 1000000
    metersPerUnit = 1
    startTimeCode = 0
    timeCodesPerSecond = 60
    upAxis = "Z"
)

def "Render" (
    hide_in_stage_window = true
    no_delete = true
)
{
    def "OmniverseKit"
    {
        def "HydraTextures" (
            hide_in_stage_window = true
            no_delete = true
        )
        {
            def RenderProduct "omni_kit_widget_viewport_ViewportTexture_0" (
                prepend apiSchemas = ["OmniRtxSettingsCommonAdvancedAPI_1", "OmniRtxSettingsRtAdvancedAPI_1", "OmniRtxSettingsPtAdvancedAPI_1", "OmniRtxPostColorGradingAPI_1", "OmniRtxPostChromaticAberrationAPI_1", "OmniRtxPostBloomPhysicalAPI_1", "OmniRtxPostMatteObjectAPI_1", "OmniRtxPostCompositingAPI_1", "OmniRtxPostDofAPI_1", "OmniRtxPostMotionBlurAPI_1", "OmniRtxPostTvNoiseAPI_1", "OmniRtxPostTonemapIrayReinhardAPI_1", "OmniRtxPostDebugSettingsAPI_1", "OmniRtxDebugSettingsAPI_1"]
                hide_in_stage_window = true
                no_delete = true
            )
            {
                rel camera = </OmniverseKit_Persp>
                token omni:rtx:ambientOcclusion:denoiserMode = "none"
                token omni:rtx:background:source:texture:textureMode = "repeatMirrored"
                token omni:rtx:background:source:type = "domeLight"
                bool omni:rtx:debug:view:pixelDebug:enableFixedTextPos = 1
                token omni:rtx:directLighting:sampledLighting:denoisingTechnique = "None"
                bool omni:rtx:dlss:frameGeneration = 0
                float3 omni:rtx:domeLight:rotationAxis = (0, 0, 1)
                bool omni:rtx:indirectDiffuse:denoiser:enabled = 0
                bool omni:rtx:material:db:syncLoads = 1
                token omni:rtx:post:dlss:execMode = "performance"
                bool omni:rtx:post:registeredCompositing:invertColorCorrection = 1
                bool omni:rtx:post:registeredCompositing:invertToneMap = 1
                bool omni:rtx:pt:adaptiveSampling:filterError = 0
                uint omni:rtx:pt:adaptiveSampling:fixedSppIterations = 2
                int omni:rtx:pt:clampSpp = 64
                uint omni:rtx:pt:limits:maxBounces = 3
                uint omni:rtx:pt:limits:maxGlossyBounces = 3
                uint omni:rtx:pt:maxSamplesPerLaunch = 2073600
                uint omni:rtx:pt:mgpu:maxPixelsPerRegionExponent = 12
                int omni:rtx:pt:samplesPerIteration = 64
                uint omni:rtx:pt:samplesPerPixel = 64
                bool omni:rtx:reflections:denoiser:enabled = 0
                token omni:rtx:rendermode = "RealTimePathTracing"
                color3f omni:rtx:rt:ambientLight:color = (0.1, 0.1, 0.1)
                bool omni:rtx:rt:demoire = 0
                bool omni:rtx:rt:lightcache:spatialCache:dontResolveConflicts = 1
                int omni:rtx:rt:sss:samples = 1
                uint omni:rtx:rtpt:maxVolumeBounces = 15
                float omni:rtx:rtpt:modulatingRoughnessThreshold = 0.08
                bool omni:rtx:scene:hydra:materialSyncLoads = 1
                bool omni:rtx:scene:hydra:mdlMaterialWarmup = 1
                rel orderedVars = </Render/Vars/LdrColor>
                custom bool overrideClipRange = 0
                uniform int2 resolution = (1280, 720)
            }
        }
    }

    def RenderSettings "OmniverseGlobalRenderSettings" (
        prepend apiSchemas = ["OmniRtxSettingsGlobalRtAdvancedAPI_1", "OmniRtxSettingsGlobalPtAdvancedAPI_1"]
        no_delete = true
    )
    {
        rel products = </Render/OmniverseKit/HydraTextures/omni_kit_widget_viewport_ViewportTexture_0>
    }

    def "Vars"
    {
        def RenderVar "LdrColor" (
            hide_in_stage_window = true
            no_delete = true
        )
        {
            uniform string sourceName = "LdrColor"
            uniform token sourceType = "raw"
        }
    }
}
over "OmniverseKit_Persp"
{
    float exposure:fStop = 5
    float exposure:responsivity = 1.1026709
    float exposure:time = 0.02
}

def Xform "World"
{
    def Xform "AeroDrillVLA"
    {
        def DomeLight "DomeLight"
        {
            color3f inputs:color = (0.62, 0.72, 0.86)
            float inputs:intensity = 620
        }

        def RectLight "KeyLight"
        {
            float inputs:height = 2
            float inputs:intensity = 2600
            float inputs:width = 2.8
            double3 xformOp:translate = (-0.6, -1.4, 2.7)
            uniform token[] xformOpOrder = ["xformOp:translate"]
        }

        def Cube "Floor" (
            prepend apiSchemas = ["PhysicsCollisionAPI"]
        )
        {
            color3f[] primvars:displayColor = [(0.065, 0.075, 0.09)]
            double size = 1
            float3 xformOp:scale = (1.7, 1.25, 0.05)
            double3 xformOp:translate = (0.25, 0, -0.23)
            uniform token[] xformOpOrder = ["xformOp:translate", "xformOp:scale"]
        }

        def Cube "RobotPedestal" (
            prepend apiSchemas = ["PhysicsCollisionAPI"]
        )
        {
            color3f[] primvars:displayColor = [(0.1, 0.12, 0.15)]
            double size = 1
            float3 xformOp:scale = (0.34, 0.34, 0.1)
            double3 xformOp:translate = (0, 0, -0.1)
            uniform token[] xformOpOrder = ["xformOp:translate", "xformOp:scale"]
        }

        def Cube "RobotPedestalAccent"
        {
            color3f[] primvars:displayColor = [(0.05, 0.62, 0.7)]
            double size = 1
            float3 xformOp:scale = (0.32, 0.32, 0.01)
            double3 xformOp:translate = (0, 0, 0.005)
            uniform token[] xformOpOrder = ["xformOp:translate", "xformOp:scale"]
        }

        def Cube "SafetyZone"
        {
            color3f[] primvars:displayColor = [(0.07, 0.23, 0.25)]
            double size = 1
            float3 xformOp:scale = (1.18, 0.92, 0.006)
            double3 xformOp:translate = (0.24, 0, -0.174)
            uniform token[] xformOpOrder = ["xformOp:translate", "xformOp:scale"]
        }

        def Cube "SafetyLineY_N"
        {
            color3f[] primvars:displayColor = [(0.95, 0.7, 0.08)]
            double size = 1
            float3 xformOp:scale = (1.2, 0.018, 0.008)
            double3 xformOp:translate = (0.24, -0.93, -0.166)
            uniform token[] xformOpOrder = ["xformOp:translate", "xformOp:scale"]
        }

        def Cube "SafetyLineY_P"
        {
            color3f[] primvars:displayColor = [(0.95, 0.7, 0.08)]
            double size = 1
            float3 xformOp:scale = (1.2, 0.018, 0.008)
            double3 xformOp:translate = (0.24, 0.93, -0.166)
            uniform token[] xformOpOrder = ["xformOp:translate", "xformOp:scale"]
        }

        def Cube "ProcessCabinet" (
            prepend apiSchemas = ["PhysicsCollisionAPI"]
        )
        {
            color3f[] primvars:displayColor = [(0.11, 0.13, 0.17)]
            double size = 1
            float3 xformOp:scale = (0.25, 0.22, 0.38)
            double3 xformOp:translate = (-0.65, 0.92, 0.2)
            uniform token[] xformOpOrder = ["xformOp:translate", "xformOp:scale"]
        }

        def Cube "ProcessCabinetScreen"
        {
            color3f[] primvars:displayColor = [(0.04, 0.55, 0.66)]
            double size = 1
            float3 xformOp:scale = (0.16, 0.008, 0.1)
            double3 xformOp:translate = (-0.65, 0.695, 0.31)
            uniform token[] xformOpOrder = ["xformOp:translate", "xformOp:scale"]
        }

        def Sphere "ProcessCabinetBeacon"
        {
            color3f[] primvars:displayColor = [(0.98, 0.55, 0.06)]
            double radius = 0.032
            double3 xformOp:translate = (-0.65, 0.92, 0.62)
            uniform token[] xformOpOrder = ["xformOp:translate"]
        }

        def Xform "AircraftPanel"
        {
            def Mesh "FuselageSkin" (
                prepend apiSchemas = ["PhysicsCollisionAPI"]
            )
            {
                uniform bool doubleSided = 1
                int[] faceVertexCounts = [4, 4, 4, 4, 4, 4, 4, 4, 4, 4, 4, 4, 4, 4, 4, 4, 4, 4, 4, 4, 4, 4, 4, 4, 4, 4, 4, 4, 4, 4, 4, 4, 4, 4, 4, 4, 4, 4, 4, 4, 4, 4, 4, 4, 4, 4, 4, 4, 4, 4, 4, 4, 4, 4, 4, 4, 4, 4, 4, 4, 4, 4, 4, 4, 4, 4, 4, 4, 4, 4, 4, 4, 4, 4, 4, 4, 4, 4, 4, 4, 4, 4, 4, 4, 4, 4, 4, 4, 4, 4, 4, 4, 4, 4, 4, 4, 4, 4, 4, 4, 4, 4, 4, 4, 4, 4, 4, 4, 4, 4, 4, 4, 4, 4, 4, 4, 4, 4, 4, 4, 4, 4, 4, 4, 4, 4, 4, 4, 4, 4, 4, 4, 4, 4, 4, 4, 4, 4, 4, 4, 4, 4, 4, 4, 4, 4, 4, 4, 4, 4, 4, 4, 4, 4, 4, 4, 4, 4, 4, 4, 4, 4, 4, 4, 4, 4, 4, 4, 4, 4, 4, 4, 4, 4, 4, 4, 4, 4, 4, 4, 4, 4, 4, 4, 4, 4, 4, 4, 4, 4, 4, 4]
                int[] faceVertexIndices = [0, 1, 26, 25, 1, 2, 27, 26, 2, 3, 28, 27, 3, 4, 29, 28, 4, 5, 30, 29, 5, 6, 31, 30, 6, 7, 32, 31, 7, 8, 33, 32, 8, 9, 34, 33, 9, 10, 35, 34, 10, 11, 36, 35, 11, 12, 37, 36, 12, 13, 38, 37, 13, 14, 39, 38, 14, 15, 40, 39, 15, 16, 41, 40, 16, 17, 42, 41, 17, 18, 43, 42, 18, 19, 44, 43, 19, 20, 45, 44, 20, 21, 46, 45, 21, 22, 47, 46, 22, 23, 48, 47, 23, 24, 49, 48, 25, 26, 51, 50, 26, 27, 52, 51, 27, 28, 53, 52, 28, 29, 54, 53, 29, 30, 55, 54, 30, 31, 56, 55, 31, 32, 57, 56, 32, 33, 58, 57, 33, 34, 59, 58, 34, 35, 60, 59, 35, 36, 61, 60, 36, 37, 62, 61, 37, 38, 63, 62, 38, 39, 64, 63, 39, 40, 65, 64, 40, 41, 66, 65, 41, 42, 67, 66, 42, 43, 68, 67, 43, 44, 69, 68, 44, 45, 70, 69, 45, 46, 71, 70, 46, 47, 72, 71, 47, 48, 73, 72, 48, 49, 74, 73, 50, 51, 76, 75, 51, 52, 77, 76, 52, 53, 78, 77, 53, 54, 79, 78, 54, 55, 80, 79, 55, 56, 81, 80, 56, 57, 82, 81, 57, 58, 83, 82, 58, 59, 84, 83, 59, 60, 85, 84, 60, 61, 86, 85, 61, 62, 87, 86, 62, 63, 88, 87, 63, 64, 89, 88, 64, 65, 90, 89, 65, 66, 91, 90, 66, 67, 92, 91, 67, 68, 93, 92, 68, 69, 94, 93, 69, 70, 95, 94, 70, 71, 96, 95, 71, 72, 97, 96, 72, 73, 98, 97, 73, 74, 99, 98, 75, 76, 101, 100, 76, 77, 102, 101, 77, 78, 103, 102, 78, 79, 104, 103, 79, 80, 105, 104, 80, 81, 106, 105, 81, 82, 107, 106, 82, 83, 108, 107, 83, 84, 109, 108, 84, 85, 110, 109, 85, 86, 111, 110, 86, 87, 112, 111, 87, 88, 113, 112, 88, 89, 114, 113, 89, 90, 115, 114, 90, 91, 116, 115, 91, 92, 117, 116, 92, 93, 118, 117, 93, 94, 119, 118, 94, 95, 120, 119, 95, 96, 121, 120, 96, 97, 122, 121, 97, 98, 123, 122, 98, 99, 124, 123, 100, 101, 126, 125, 101, 102, 127, 126, 102, 103, 128, 127, 103, 104, 129, 128, 104, 105, 130, 129, 105, 106, 131, 130, 106, 107, 132, 131, 107, 108, 133, 132, 108, 109, 134, 133, 109, 110, 135, 134, 110, 111, 136, 135, 111, 112, 137, 136, 112, 113, 138, 137, 113, 114, 139, 138, 114, 115, 140, 139, 115, 116, 141, 140, 116, 117, 142, 141, 117, 118, 143, 142, 118, 119, 144, 143, 119, 120, 145, 144, 120, 121, 146, 145, 121, 122, 147, 146, 122, 123, 148, 147, 123, 124, 149, 148, 125, 126, 151, 150, 126, 127, 152, 151, 127, 128, 153, 152, 128, 129, 154, 153, 129, 130, 155, 154, 130, 131, 156, 155, 131, 132, 157, 156, 132, 133, 158, 157, 133, 134, 159, 158, 134, 135, 160, 159, 135, 136, 161, 160, 136, 137, 162, 161, 137, 138, 163, 162, 138, 139, 164, 163, 139, 140, 165, 164, 140, 141, 166, 165, 141, 142, 167, 166, 142, 143, 168, 167, 143, 144, 169, 168, 144, 145, 170, 169, 145, 146, 171, 170, 146, 147, 172, 171, 147, 148, 173, 172, 148, 149, 174, 173, 150, 151, 176, 175, 151, 152, 177, 176, 152, 153, 178, 177, 153, 154, 179, 178, 154, 155, 180, 179, 155, 156, 181, 180, 156, 157, 182, 181, 157, 158, 183, 182, 158, 159, 184, 183, 159, 160, 185, 184, 160, 161, 186, 185, 161, 162, 187, 186, 162, 163, 188, 187, 163, 164, 189, 188, 164, 165, 190, 189, 165, 166, 191, 190, 166, 167, 192, 191, 167, 168, 193, 192, 168, 169, 194, 193, 169, 170, 195, 194, 170, 171, 196, 195, 171, 172, 197, 196, 172, 173, 198, 197, 173, 174, 199, 198, 175, 176, 201, 200, 176, 177, 202, 201, 177, 178, 203, 202, 178, 179, 204, 203, 179, 180, 205, 204, 180, 181, 206, 205, 181, 182, 207, 206, 182, 183, 208, 207, 183, 184, 209, 208, 184, 185, 210, 209, 185, 186, 211, 210, 186, 187, 212, 211, 187, 188, 213, 212, 188, 189, 214, 213, 189, 190, 215, 214, 190, 191, 216, 215, 191, 192, 217, 216, 192, 193, 218, 217, 193, 194, 219, 218, 194, 195, 220, 219, 195, 196, 221, 220, 196, 197, 222, 221, 197, 198, 223, 222, 198, 199, 224, 223]
                point3f[] points = [(1.1005208, -0.85, 0.28), (1.0764793, -0.77916664, 0.28), (1.0545284, -0.7083333, 0.28), (1.034668, -0.6375, 0.28), (1.0168982, -0.56666666, 0.28), (1.0012189, -0.49583334, 0.28), (0.9876302, -0.425, 0.28), (0.9761321, -0.35416666, 0.28), (0.9667245, -0.28333333, 0.28), (0.95940757, -0.2125, 0.28), (0.95418113, -0.14166667, 0.28), (0.9510453, -0.07083333, 0.28), (0.95, 0, 0.28), (0.9510453, 0.07083333, 0.28), (0.95418113, 0.14166667, 0.28), (0.95940757, 0.2125, 0.28), (0.9667245, 0.28333333, 0.28), (0.9761321, 0.35416666, 0.28), (0.9876302, 0.425, 0.28), (1.0012189, 0.49583334, 0.28), (1.0168982, 0.56666666, 0.28), (1.034668, 0.6375, 0.28), (1.0545284, 0.7083333, 0.28), (1.0764793, 0.77916664, 0.28), (1.1005208, 0.85, 0.28), (1.1005208, -0.85, 0.4075), (1.0764793, -0.77916664, 0.4075), (1.0545284, -0.7083333, 0.4075), (1.034668, -0.6375, 0.4075), (1.0168982, -0.56666666, 0.4075), (1.0012189, -0.49583334, 0.4075), (0.9876302, -0.425, 0.4075), (0.9761321, -0.35416666, 0.4075), (0.9667245, -0.28333333, 0.4075), (0.95940757, -0.2125, 0.4075), (0.95418113, -0.14166667, 0.4075), (0.9510453, -0.07083333, 0.4075), (0.95, 0, 0.4075), (0.9510453, 0.07083333, 0.4075), (0.95418113, 0.14166667, 0.4075), (0.95940757, 0.2125, 0.4075), (0.9667245, 0.28333333, 0.4075), (0.9761321, 0.35416666, 0.4075), (0.9876302, 0.425, 0.4075), (1.0012189, 0.49583334, 0.4075), (1.0168982, 0.56666666, 0.4075), (1.034668, 0.6375, 0.4075), (1.0545284, 0.7083333, 0.4075), (1.0764793, 0.77916664, 0.4075), (1.1005208, 0.85, 0.4075), (1.1005208, -0.85, 0.535), (1.0764793, -0.77916664, 0.535), (1.0545284, -0.7083333, 0.535), (1.034668, -0.6375, 0.535), (1.0168982, -0.56666666, 0.535), (1.0012189, -0.49583334, 0.535), (0.9876302, -0.425, 0.535), (0.9761321, -0.35416666, 0.535), (0.9667245, -0.28333333, 0.535), (0.95940757, -0.2125, 0.535), (0.95418113, -0.14166667, 0.535), (0.9510453, -0.07083333, 0.535), (0.95, 0, 0.535), (0.9510453, 0.07083333, 0.535), (0.95418113, 0.14166667, 0.535), (0.95940757, 0.2125, 0.535), (0.9667245, 0.28333333, 0.535), (0.9761321, 0.35416666, 0.535), (0.9876302, 0.425, 0.535), (1.0012189, 0.49583334, 0.535), (1.0168982, 0.56666666, 0.535), (1.034668, 0.6375, 0.535), (1.0545284, 0.7083333, 0.535), (1.0764793, 0.77916664, 0.535), (1.1005208, 0.85, 0.535), (1.1005208, -0.85, 0.6625), (1.0764793, -0.77916664, 0.6625), (1.0545284, -0.7083333, 0.6625), (1.034668, -0.6375, 0.6625), (1.0168982, -0.56666666, 0.6625), (1.0012189, -0.49583334, 0.6625), (0.9876302, -0.425, 0.6625), (0.9761321, -0.35416666, 0.6625), (0.9667245, -0.28333333, 0.6625), (0.95940757, -0.2125, 0.6625), (0.95418113, -0.14166667, 0.6625), (0.9510453, -0.07083333, 0.6625), (0.95, 0, 0.6625), (0.9510453, 0.07083333, 0.6625), (0.95418113, 0.14166667, 0.6625), (0.95940757, 0.2125, 0.6625), (0.9667245, 0.28333333, 0.6625), (0.9761321, 0.35416666, 0.6625), (0.9876302, 0.425, 0.6625), (1.0012189, 0.49583334, 0.6625), (1.0168982, 0.56666666, 0.6625), (1.034668, 0.6375, 0.6625), (1.0545284, 0.7083333, 0.6625), (1.0764793, 0.77916664, 0.6625), (1.1005208, 0.85, 0.6625), (1.1005208, -0.85, 0.79), (1.0764793, -0.77916664, 0.79), (1.0545284, -0.7083333, 0.79), (1.034668, -0.6375, 0.79), (1.0168982, -0.56666666, 0.79), (1.0012189, -0.49583334, 0.79), (0.9876302, -0.425, 0.79), (0.9761321, -0.35416666, 0.79), (0.9667245, -0.28333333, 0.79), (0.95940757, -0.2125, 0.79), (0.95418113, -0.14166667, 0.79), (0.9510453, -0.07083333, 0.79), (0.95, 0, 0.79), (0.9510453, 0.07083333, 0.79), (0.95418113, 0.14166667, 0.79), (0.95940757, 0.2125, 0.79), (0.9667245, 0.28333333, 0.79), (0.9761321, 0.35416666, 0.79), (0.9876302, 0.425, 0.79), (1.0012189, 0.49583334, 0.79), (1.0168982, 0.56666666, 0.79), (1.034668, 0.6375, 0.79), (1.0545284, 0.7083333, 0.79), (1.0764793, 0.77916664, 0.79), (1.1005208, 0.85, 0.79), (1.1005208, -0.85, 0.9175), (1.0764793, -0.77916664, 0.9175), (1.0545284, -0.7083333, 0.9175), (1.034668, -0.6375, 0.9175), (1.0168982, -0.56666666, 0.9175), (1.0012189, -0.49583334, 0.9175), (0.9876302, -0.425, 0.9175), (0.9761321, -0.35416666, 0.9175), (0.9667245, -0.28333333, 0.9175), (0.95940757, -0.2125, 0.9175), (0.95418113, -0.14166667, 0.9175), (0.9510453, -0.07083333, 0.9175), (0.95, 0, 0.9175), (0.9510453, 0.07083333, 0.9175), (0.95418113, 0.14166667, 0.9175), (0.95940757, 0.2125, 0.9175), (0.9667245, 0.28333333, 0.9175), (0.9761321, 0.35416666, 0.9175), (0.9876302, 0.425, 0.9175), (1.0012189, 0.49583334, 0.9175), (1.0168982, 0.56666666, 0.9175), (1.034668, 0.6375, 0.9175), (1.0545284, 0.7083333, 0.9175), (1.0764793, 0.77916664, 0.9175), (1.1005208, 0.85, 0.9175), (1.1005208, -0.85, 1.045), (1.0764793, -0.77916664, 1.045), (1.0545284, -0.7083333, 1.045), (1.034668, -0.6375, 1.045), (1.0168982, -0.56666666, 1.045), (1.0012189, -0.49583334, 1.045), (0.9876302, -0.425, 1.045), (0.9761321, -0.35416666, 1.045), (0.9667245, -0.28333333, 1.045), (0.95940757, -0.2125, 1.045), (0.95418113, -0.14166667, 1.045), (0.9510453, -0.07083333, 1.045), (0.95, 0, 1.045), (0.9510453, 0.07083333, 1.045), (0.95418113, 0.14166667, 1.045), (0.95940757, 0.2125, 1.045), (0.9667245, 0.28333333, 1.045), (0.9761321, 0.35416666, 1.045), (0.9876302, 0.425, 1.045), (1.0012189, 0.49583334, 1.045), (1.0168982, 0.56666666, 1.045), (1.034668, 0.6375, 1.045), (1.0545284, 0.7083333, 1.045), (1.0764793, 0.77916664, 1.045), (1.1005208, 0.85, 1.045), (1.1005208, -0.85, 1.1725), (1.0764793, -0.77916664, 1.1725), (1.0545284, -0.7083333, 1.1725), (1.034668, -0.6375, 1.1725), (1.0168982, -0.56666666, 1.1725), (1.0012189, -0.49583334, 1.1725), (0.9876302, -0.425, 1.1725), (0.9761321, -0.35416666, 1.1725), (0.9667245, -0.28333333, 1.1725), (0.95940757, -0.2125, 1.1725), (0.95418113, -0.14166667, 1.1725), (0.9510453, -0.07083333, 1.1725), (0.95, 0, 1.1725), (0.9510453, 0.07083333, 1.1725), (0.95418113, 0.14166667, 1.1725), (0.95940757, 0.2125, 1.1725), (0.9667245, 0.28333333, 1.1725), (0.9761321, 0.35416666, 1.1725), (0.9876302, 0.425, 1.1725), (1.0012189, 0.49583334, 1.1725), (1.0168982, 0.56666666, 1.1725), (1.034668, 0.6375, 1.1725), (1.0545284, 0.7083333, 1.1725), (1.0764793, 0.77916664, 1.1725), (1.1005208, 0.85, 1.1725), (1.1005208, -0.85, 1.3), (1.0764793, -0.77916664, 1.3), (1.0545284, -0.7083333, 1.3), (1.034668, -0.6375, 1.3), (1.0168982, -0.56666666, 1.3), (1.0012189, -0.49583334, 1.3), (0.9876302, -0.425, 1.3), (0.9761321, -0.35416666, 1.3), (0.9667245, -0.28333333, 1.3), (0.95940757, -0.2125, 1.3), (0.95418113, -0.14166667, 1.3), (0.9510453, -0.07083333, 1.3), (0.95, 0, 1.3), (0.9510453, 0.07083333, 1.3), (0.95418113, 0.14166667, 1.3), (0.95940757, 0.2125, 1.3), (0.9667245, 0.28333333, 1.3), (0.9761321, 0.35416666, 1.3), (0.9876302, 0.425, 1.3), (1.0012189, 0.49583334, 1.3), (1.0168982, 0.56666666, 1.3), (1.034668, 0.6375, 1.3), (1.0545284, 0.7083333, 1.3), (1.0764793, 0.77916664, 1.3), (1.1005208, 0.85, 1.3)]
                color3f[] primvars:displayColor = [(0.34, 0.45, 0.57)]
                uniform token subdivisionScheme = "none"
                float3 xformOp:rotateXYZ = (0, 0, 0)
                float3 xformOp:scale = (1, 1, 1)
                double3 xformOp:translate = (0, 0, 0)
                uniform token[] xformOpOrder = ["xformOp:translate", "xformOp:rotateXYZ", "xformOp:scale"]
            }

            def "DRPE"
            {
                def Mesh "UpperPlate" (
                    prepend apiSchemas = ["PhysicsCollisionAPI"]
                )
                {
                    uniform bool doubleSided = 1
                    int[] faceVertexCounts = [4, 4, 4, 4, 4, 4, 4, 4, 4, 4, 4, 4, 4, 4, 4, 4, 4, 4, 4, 4, 4, 4, 4, 4, 4, 4, 4, 4, 4, 4, 4, 4, 4, 4, 4, 4, 4, 4, 4, 4, 4, 4, 4, 4, 4, 4, 4, 4, 4, 4, 4, 4, 4, 4, 4, 4, 4, 4, 4, 4, 4, 4, 4, 4, 4, 4, 4, 4, 4, 4, 4, 4, 4, 4, 4, 4, 4, 4, 4, 4, 4, 4, 4, 4, 4, 4, 4, 4, 4, 4, 4, 4, 4, 4, 4, 4, 4, 4, 4, 4, 4, 4, 4, 4, 4, 4, 4, 4, 4, 4, 4, 4, 4, 4, 4, 4, 4, 4, 4, 4, 4, 4, 4, 4, 4, 4, 4, 4, 4, 4, 4, 4, 4, 4, 4, 4, 4, 4, 4, 4, 4, 4, 4, 4, 4, 4, 4, 4, 4, 4, 4, 4, 4, 4, 4, 4, 4, 4, 4, 4, 4, 4, 4, 4, 4, 4, 4, 4, 4, 4, 4, 4, 4, 4, 4, 4, 4, 4, 4, 4, 4, 4, 4, 4, 4, 4, 4, 4, 4, 4, 4, 4]
                    int[] faceVertexIndices = [0, 1, 26, 25, 1, 2, 27, 26, 2, 3, 28, 27, 3, 4, 29, 28, 4, 5, 30, 29, 5, 6, 31, 30, 6, 7, 32, 31, 7, 8, 33, 32, 8, 9, 34, 33, 9, 10, 35, 34, 10, 11, 36, 35, 11, 12, 37, 36, 12, 13, 38, 37, 13, 14, 39, 38, 14, 15, 40, 39, 15, 16, 41, 40, 16, 17, 42, 41, 17, 18, 43, 42, 18, 19, 44, 43, 19, 20, 45, 44, 20, 21, 46, 45, 21, 22, 47, 46, 22, 23, 48, 47, 23, 24, 49, 48, 25, 26, 51, 50, 26, 27, 52, 51, 27, 28, 53, 52, 28, 29, 54, 53, 29, 30, 55, 54, 30, 31, 56, 55, 31, 32, 57, 56, 32, 33, 58, 57, 33, 34, 59, 58, 34, 35, 60, 59, 35, 36, 61, 60, 36, 37, 62, 61, 37, 38, 63, 62, 38, 39, 64, 63, 39, 40, 65, 64, 40, 41, 66, 65, 41, 42, 67, 66, 42, 43, 68, 67, 43, 44, 69, 68, 44, 45, 70, 69, 45, 46, 71, 70, 46, 47, 72, 71, 47, 48, 73, 72, 48, 49, 74, 73, 50, 51, 76, 75, 51, 52, 77, 76, 52, 53, 78, 77, 53, 54, 79, 78, 54, 55, 80, 79, 55, 56, 81, 80, 56, 57, 82, 81, 57, 58, 83, 82, 58, 59, 84, 83, 59, 60, 85, 84, 60, 61, 86, 85, 61, 62, 87, 86, 62, 63, 88, 87, 63, 64, 89, 88, 64, 65, 90, 89, 65, 66, 91, 90, 66, 67, 92, 91, 67, 68, 93, 92, 68, 69, 94, 93, 69, 70, 95, 94, 70, 71, 96, 95, 71, 72, 97, 96, 72, 73, 98, 97, 73, 74, 99, 98, 75, 76, 101, 100, 76, 77, 102, 101, 77, 78, 103, 102, 78, 79, 104, 103, 79, 80, 105, 104, 80, 81, 106, 105, 81, 82, 107, 106, 82, 83, 108, 107, 83, 84, 109, 108, 84, 85, 110, 109, 85, 86, 111, 110, 86, 87, 112, 111, 87, 88, 113, 112, 88, 89, 114, 113, 89, 90, 115, 114, 90, 91, 116, 115, 91, 92, 117, 116, 92, 93, 118, 117, 93, 94, 119, 118, 94, 95, 120, 119, 95, 96, 121, 120, 96, 97, 122, 121, 97, 98, 123, 122, 98, 99, 124, 123, 100, 101, 126, 125, 101, 102, 127, 126, 102, 103, 128, 127, 103, 104, 129, 128, 104, 105, 130, 129, 105, 106, 131, 130, 106, 107, 132, 131, 107, 108, 133, 132, 108, 109, 134, 133, 109, 110, 135, 134, 110, 111, 136, 135, 111, 112, 137, 136, 112, 113, 138, 137, 113, 114, 139, 138, 114, 115, 140, 139, 115, 116, 141, 140, 116, 117, 142, 141, 117, 118, 143, 142, 118, 119, 144, 143, 119, 120, 145, 144, 120, 121, 146, 145, 121, 122, 147, 146, 122, 123, 148, 147, 123, 124, 149, 148, 125, 126, 151, 150, 126, 127, 152, 151, 127, 128, 153, 152, 128, 129, 154, 153, 129, 130, 155, 154, 130, 131, 156, 155, 131, 132, 157, 156, 132, 133, 158, 157, 133, 134, 159, 158, 134, 135, 160, 159, 135, 136, 161, 160, 136, 137, 162, 161, 137, 138, 163, 162, 138, 139, 164, 163, 139, 140, 165, 164, 140, 141, 166, 165, 141, 142, 167, 166, 142, 143, 168, 167, 143, 144, 169, 168, 144, 145, 170, 169, 145, 146, 171, 170, 146, 147, 172, 171, 147, 148, 173, 172, 148, 149, 174, 173, 150, 151, 176, 175, 151, 152, 177, 176, 152, 153, 178, 177, 153, 154, 179, 178, 154, 155, 180, 179, 155, 156, 181, 180, 156, 157, 182, 181, 157, 158, 183, 182, 158, 159, 184, 183, 159, 160, 185, 184, 160, 161, 186, 185, 161, 162, 187, 186, 162, 163, 188, 187, 163, 164, 189, 188, 164, 165, 190, 189, 165, 166, 191, 190, 166, 167, 192, 191, 167, 168, 193, 192, 168, 169, 194, 193, 169, 170, 195, 194, 170, 171, 196, 195, 171, 172, 197, 196, 172, 173, 198, 197, 173, 174, 199, 198, 175, 176, 201, 200, 176, 177, 202, 201, 177, 178, 203, 202, 178, 179, 204, 203, 179, 180, 205, 204, 180, 181, 206, 205, 181, 182, 207, 206, 182, 183, 208, 207, 183, 184, 209, 208, 184, 185, 210, 209, 185, 186, 211, 210, 186, 187, 212, 211, 187, 188, 213, 212, 188, 189, 214, 213, 189, 190, 215, 214, 190, 191, 216, 215, 191, 192, 217, 216, 192, 193, 218, 217, 193, 194, 219, 218, 194, 195, 220, 219, 195, 196, 221, 220, 196, 197, 222, 221, 197, 198, 223, 222, 198, 199, 224, 223]
                    point3f[] points = [(0.9820833, -0.46, 0.835), (0.9750422, -0.42166665, 0.835), (0.96861345, -0.38333333, 0.835), (0.96279687, -0.345, 0.835), (0.9575926, -0.30666667, 0.835), (0.9530006, -0.26833335, 0.835), (0.94902086, -0.23, 0.835), (0.9456534, -0.19166666, 0.835), (0.94289815, -0.15333334, 0.835), (0.9407552, -0.115, 0.835), (0.93922454, -0.07666667, 0.835), (0.93830615, -0.038333334, 0.835), (0.938, 0, 0.835), (0.93830615, 0.038333334, 0.835), (0.93922454, 0.07666667, 0.835), (0.9407552, 0.115, 0.835), (0.94289815, 0.15333334, 0.835), (0.9456534, 0.19166666, 0.835), (0.94902086, 0.23, 0.835), (0.9530006, 0.26833335, 0.835), (0.9575926, 0.30666667, 0.835), (0.96279687, 0.345, 0.835), (0.96861345, 0.38333333, 0.835), (0.9750422, 0.42166665, 0.835), (0.9820833, 0.46, 0.835), (0.9820833, -0.46, 0.85125), (0.9750422, -0.42166665, 0.85125), (0.96861345, -0.38333333, 0.85125), (0.96279687, -0.345, 0.85125), (0.9575926, -0.30666667, 0.85125), (0.9530006, -0.26833335, 0.85125), (0.94902086, -0.23, 0.85125), (0.9456534, -0.19166666, 0.85125), (0.94289815, -0.15333334, 0.85125), (0.9407552, -0.115, 0.85125), (0.93922454, -0.07666667, 0.85125), (0.93830615, -0.038333334, 0.85125), (0.938, 0, 0.85125), (0.93830615, 0.038333334, 0.85125), (0.93922454, 0.07666667, 0.85125), (0.9407552, 0.115, 0.85125), (0.94289815, 0.15333334, 0.85125), (0.9456534, 0.19166666, 0.85125), (0.94902086, 0.23, 0.85125), (0.9530006, 0.26833335, 0.85125), (0.9575926, 0.30666667, 0.85125), (0.96279687, 0.345, 0.85125), (0.96861345, 0.38333333, 0.85125), (0.9750422, 0.42166665, 0.85125), (0.9820833, 0.46, 0.85125), (0.9820833, -0.46, 0.8675), (0.9750422, -0.42166665, 0.8675), (0.96861345, -0.38333333, 0.8675), (0.96279687, -0.345, 0.8675), (0.9575926, -0.30666667, 0.8675), (0.9530006, -0.26833335, 0.8675), (0.94902086, -0.23, 0.8675), (0.9456534, -0.19166666, 0.8675), (0.94289815, -0.15333334, 0.8675), (0.9407552, -0.115, 0.8675), (0.93922454, -0.07666667, 0.8675), (0.93830615, -0.038333334, 0.8675), (0.938, 0, 0.8675), (0.93830615, 0.038333334, 0.8675), (0.93922454, 0.07666667, 0.8675), (0.9407552, 0.115, 0.8675), (0.94289815, 0.15333334, 0.8675), (0.9456534, 0.19166666, 0.8675), (0.94902086, 0.23, 0.8675), (0.9530006, 0.26833335, 0.8675), (0.9575926, 0.30666667, 0.8675), (0.96279687, 0.345, 0.8675), (0.96861345, 0.38333333, 0.8675), (0.9750422, 0.42166665, 0.8675), (0.9820833, 0.46, 0.8675), (0.9820833, -0.46, 0.88375), (0.9750422, -0.42166665, 0.88375), (0.96861345, -0.38333333, 0.88375), (0.96279687, -0.345, 0.88375), (0.9575926, -0.30666667, 0.88375), (0.9530006, -0.26833335, 0.88375), (0.94902086, -0.23, 0.88375), (0.9456534, -0.19166666, 0.88375), (0.94289815, -0.15333334, 0.88375), (0.9407552, -0.115, 0.88375), (0.93922454, -0.07666667, 0.88375), (0.93830615, -0.038333334, 0.88375), (0.938, 0, 0.88375), (0.93830615, 0.038333334, 0.88375), (0.93922454, 0.07666667, 0.88375), (0.9407552, 0.115, 0.88375), (0.94289815, 0.15333334, 0.88375), (0.9456534, 0.19166666, 0.88375), (0.94902086, 0.23, 0.88375), (0.9530006, 0.26833335, 0.88375), (0.9575926, 0.30666667, 0.88375), (0.96279687, 0.345, 0.88375), (0.96861345, 0.38333333, 0.88375), (0.9750422, 0.42166665, 0.88375), (0.9820833, 0.46, 0.88375), (0.9820833, -0.46, 0.9), (0.9750422, -0.42166665, 0.9), (0.96861345, -0.38333333, 0.9), (0.96279687, -0.345, 0.9), (0.9575926, -0.30666667, 0.9), (0.9530006, -0.26833335, 0.9), (0.94902086, -0.23, 0.9), (0.9456534, -0.19166666, 0.9), (0.94289815, -0.15333334, 0.9), (0.9407552, -0.115, 0.9), (0.93922454, -0.07666667, 0.9), (0.93830615, -0.038333334, 0.9), (0.938, 0, 0.9), (0.93830615, 0.038333334, 0.9), (0.93922454, 0.07666667, 0.9), (0.9407552, 0.115, 0.9), (0.94289815, 0.15333334, 0.9), (0.9456534, 0.19166666, 0.9), (0.94902086, 0.23, 0.9), (0.9530006, 0.26833335, 0.9), (0.9575926, 0.30666667, 0.9), (0.96279687, 0.345, 0.9), (0.96861345, 0.38333333, 0.9), (0.9750422, 0.42166665, 0.9), (0.9820833, 0.46, 0.9), (0.9820833, -0.46, 0.91625), (0.9750422, -0.42166665, 0.91625), (0.96861345, -0.38333333, 0.91625), (0.96279687, -0.345, 0.91625), (0.9575926, -0.30666667, 0.91625), (0.9530006, -0.26833335, 0.91625), (0.94902086, -0.23, 0.91625), (0.9456534, -0.19166666, 0.91625), (0.94289815, -0.15333334, 0.91625), (0.9407552, -0.115, 0.91625), (0.93922454, -0.07666667, 0.91625), (0.93830615, -0.038333334, 0.91625), (0.938, 0, 0.91625), (0.93830615, 0.038333334, 0.91625), (0.93922454, 0.07666667, 0.91625), (0.9407552, 0.115, 0.91625), (0.94289815, 0.15333334, 0.91625), (0.9456534, 0.19166666, 0.91625), (0.94902086, 0.23, 0.91625), (0.9530006, 0.26833335, 0.91625), (0.9575926, 0.30666667, 0.91625), (0.96279687, 0.345, 0.91625), (0.96861345, 0.38333333, 0.91625), (0.9750422, 0.42166665, 0.91625), (0.9820833, 0.46, 0.91625), (0.9820833, -0.46, 0.9325), (0.9750422, -0.42166665, 0.9325), (0.96861345, -0.38333333, 0.9325), (0.96279687, -0.345, 0.9325), (0.9575926, -0.30666667, 0.9325), (0.9530006, -0.26833335, 0.9325), (0.94902086, -0.23, 0.9325), (0.9456534, -0.19166666, 0.9325), (0.94289815, -0.15333334, 0.9325), (0.9407552, -0.115, 0.9325), (0.93922454, -0.07666667, 0.9325), (0.93830615, -0.038333334, 0.9325), (0.938, 0, 0.9325), (0.93830615, 0.038333334, 0.9325), (0.93922454, 0.07666667, 0.9325), (0.9407552, 0.115, 0.9325), (0.94289815, 0.15333334, 0.9325), (0.9456534, 0.19166666, 0.9325), (0.94902086, 0.23, 0.9325), (0.9530006, 0.26833335, 0.9325), (0.9575926, 0.30666667, 0.9325), (0.96279687, 0.345, 0.9325), (0.96861345, 0.38333333, 0.9325), (0.9750422, 0.42166665, 0.9325), (0.9820833, 0.46, 0.9325), (0.9820833, -0.46, 0.94875), (0.9750422, -0.42166665, 0.94875), (0.96861345, -0.38333333, 0.94875), (0.96279687, -0.345, 0.94875), (0.9575926, -0.30666667, 0.94875), (0.9530006, -0.26833335, 0.94875), (0.94902086, -0.23, 0.94875), (0.9456534, -0.19166666, 0.94875), (0.94289815, -0.15333334, 0.94875), (0.9407552, -0.115, 0.94875), (0.93922454, -0.07666667, 0.94875), (0.93830615, -0.038333334, 0.94875), (0.938, 0, 0.94875), (0.93830615, 0.038333334, 0.94875), (0.93922454, 0.07666667, 0.94875), (0.9407552, 0.115, 0.94875), (0.94289815, 0.15333334, 0.94875), (0.9456534, 0.19166666, 0.94875), (0.94902086, 0.23, 0.94875), (0.9530006, 0.26833335, 0.94875), (0.9575926, 0.30666667, 0.94875), (0.96279687, 0.345, 0.94875), (0.96861345, 0.38333333, 0.94875), (0.9750422, 0.42166665, 0.94875), (0.9820833, 0.46, 0.94875), (0.9820833, -0.46, 0.965), (0.9750422, -0.42166665, 0.965), (0.96861345, -0.38333333, 0.965), (0.96279687, -0.345, 0.965), (0.9575926, -0.30666667, 0.965), (0.9530006, -0.26833335, 0.965), (0.94902086, -0.23, 0.965), (0.9456534, -0.19166666, 0.965), (0.94289815, -0.15333334, 0.965), (0.9407552, -0.115, 0.965), (0.93922454, -0.07666667, 0.965), (0.93830615, -0.038333334, 0.965), (0.938, 0, 0.965), (0.93830615, 0.038333334, 0.965), (0.93922454, 0.07666667, 0.965), (0.9407552, 0.115, 0.965), (0.94289815, 0.15333334, 0.965), (0.9456534, 0.19166666, 0.965), (0.94902086, 0.23, 0.965), (0.9530006, 0.26833335, 0.965), (0.9575926, 0.30666667, 0.965), (0.96279687, 0.345, 0.965), (0.96861345, 0.38333333, 0.965), (0.9750422, 0.42166665, 0.965), (0.9820833, 0.46, 0.965)]
                    color3f[] primvars:displayColor = [(0.055, 0.07, 0.085)]
                    uniform token subdivisionScheme = "none"
                    float3 xformOp:rotateXYZ = (0, 0, 0)
                    float3 xformOp:scale = (1, 1, 1)
                    double3 xformOp:translate = (0, 0, 0)
                    uniform token[] xformOpOrder = ["xformOp:translate", "xformOp:rotateXYZ", "xformOp:scale"]
                }

                def Mesh "LowerPlate" (
                    prepend apiSchemas = ["PhysicsCollisionAPI"]
                )
                {
                    uniform bool doubleSided = 1
                    int[] faceVertexCounts = [4, 4, 4, 4, 4, 4, 4, 4, 4, 4, 4, 4, 4, 4, 4, 4, 4, 4, 4, 4, 4, 4, 4, 4, 4, 4, 4, 4, 4, 4, 4, 4, 4, 4, 4, 4, 4, 4, 4, 4, 4, 4, 4, 4, 4, 4, 4, 4, 4, 4, 4, 4, 4, 4, 4, 4, 4, 4, 4, 4, 4, 4, 4, 4, 4, 4, 4, 4, 4, 4, 4, 4, 4, 4, 4, 4, 4, 4, 4, 4, 4, 4, 4, 4, 4, 4, 4, 4, 4, 4, 4, 4, 4, 4, 4, 4, 4, 4, 4, 4, 4, 4, 4, 4, 4, 4, 4, 4, 4, 4, 4, 4, 4, 4, 4, 4, 4, 4, 4, 4, 4, 4, 4, 4, 4, 4, 4, 4, 4, 4, 4, 4, 4, 4, 4, 4, 4, 4, 4, 4, 4, 4, 4, 4, 4, 4, 4, 4, 4, 4, 4, 4, 4, 4, 4, 4, 4, 4, 4, 4, 4, 4, 4, 4, 4, 4, 4, 4, 4, 4, 4, 4, 4, 4, 4, 4, 4, 4, 4, 4, 4, 4, 4, 4, 4, 4, 4, 4, 4, 4, 4, 4]
                    int[] faceVertexIndices = [0, 1, 26, 25, 1, 2, 27, 26, 2, 3, 28, 27, 3, 4, 29, 28, 4, 5, 30, 29, 5, 6, 31, 30, 6, 7, 32, 31, 7, 8, 33, 32, 8, 9, 34, 33, 9, 10, 35, 34, 10, 11, 36, 35, 11, 12, 37, 36, 12, 13, 38, 37, 13, 14, 39, 38, 14, 15, 40, 39, 15, 16, 41, 40, 16, 17, 42, 41, 17, 18, 43, 42, 18, 19, 44, 43, 19, 20, 45, 44, 20, 21, 46, 45, 21, 22, 47, 46, 22, 23, 48, 47, 23, 24, 49, 48, 25, 26, 51, 50, 26, 27, 52, 51, 27, 28, 53, 52, 28, 29, 54, 53, 29, 30, 55, 54, 30, 31, 56, 55, 31, 32, 57, 56, 32, 33, 58, 57, 33, 34, 59, 58, 34, 35, 60, 59, 35, 36, 61, 60, 36, 37, 62, 61, 37, 38, 63, 62, 38, 39, 64, 63, 39, 40, 65, 64, 40, 41, 66, 65, 41, 42, 67, 66, 42, 43, 68, 67, 43, 44, 69, 68, 44, 45, 70, 69, 45, 46, 71, 70, 46, 47, 72, 71, 47, 48, 73, 72, 48, 49, 74, 73, 50, 51, 76, 75, 51, 52, 77, 76, 52, 53, 78, 77, 53, 54, 79, 78, 54, 55, 80, 79, 55, 56, 81, 80, 56, 57, 82, 81, 57, 58, 83, 82, 58, 59, 84, 83, 59, 60, 85, 84, 60, 61, 86, 85, 61, 62, 87, 86, 62, 63, 88, 87, 63, 64, 89, 88, 64, 65, 90, 89, 65, 66, 91, 90, 66, 67, 92, 91, 67, 68, 93, 92, 68, 69, 94, 93, 69, 70, 95, 94, 70, 71, 96, 95, 71, 72, 97, 96, 72, 73, 98, 97, 73, 74, 99, 98, 75, 76, 101, 100, 76, 77, 102, 101, 77, 78, 103, 102, 78, 79, 104, 103, 79, 80, 105, 104, 80, 81, 106, 105, 81, 82, 107, 106, 82, 83, 108, 107, 83, 84, 109, 108, 84, 85, 110, 109, 85, 86, 111, 110, 86, 87, 112, 111, 87, 88, 113, 112, 88, 89, 114, 113, 89, 90, 115, 114, 90, 91, 116, 115, 91, 92, 117, 116, 92, 93, 118, 117, 93, 94, 119, 118, 94, 95, 120, 119, 95, 96, 121, 120, 96, 97, 122, 121, 97, 98, 123, 122, 98, 99, 124, 123, 100, 101, 126, 125, 101, 102, 127, 126, 102, 103, 128, 127, 103, 104, 129, 128, 104, 105, 130, 129, 105, 106, 131, 130, 106, 107, 132, 131, 107, 108, 133, 132, 108, 109, 134, 133, 109, 110, 135, 134, 110, 111, 136, 135, 111, 112, 137, 136, 112, 113, 138, 137, 113, 114, 139, 138, 114, 115, 140, 139, 115, 116, 141, 140, 116, 117, 142, 141, 117, 118, 143, 142, 118, 119, 144, 143, 119, 120, 145, 144, 120, 121, 146, 145, 121, 122, 147, 146, 122, 123, 148, 147, 123, 124, 149, 148, 125, 126, 151, 150, 126, 127, 152, 151, 127, 128, 153, 152, 128, 129, 154, 153, 129, 130, 155, 154, 130, 131, 156, 155, 131, 132, 157, 156, 132, 133, 158, 157, 133, 134, 159, 158, 134, 135, 160, 159, 135, 136, 161, 160, 136, 137, 162, 161, 137, 138, 163, 162, 138, 139, 164, 163, 139, 140, 165, 164, 140, 141, 166, 165, 141, 142, 167, 166, 142, 143, 168, 167, 143, 144, 169, 168, 144, 145, 170, 169, 145, 146, 171, 170, 146, 147, 172, 171, 147, 148, 173, 172, 148, 149, 174, 173, 150, 151, 176, 175, 151, 152, 177, 176, 152, 153, 178, 177, 153, 154, 179, 178, 154, 155, 180, 179, 155, 156, 181, 180, 156, 157, 182, 181, 157, 158, 183, 182, 158, 159, 184, 183, 159, 160, 185, 184, 160, 161, 186, 185, 161, 162, 187, 186, 162, 163, 188, 187, 163, 164, 189, 188, 164, 165, 190, 189, 165, 166, 191, 190, 166, 167, 192, 191, 167, 168, 193, 192, 168, 169, 194, 193, 169, 170, 195, 194, 170, 171, 196, 195, 171, 172, 197, 196, 172, 173, 198, 197, 173, 174, 199, 198, 175, 176, 201, 200, 176, 177, 202, 201, 177, 178, 203, 202, 178, 179, 204, 203, 179, 180, 205, 204, 180, 181, 206, 205, 181, 182, 207, 206, 182, 183, 208, 207, 183, 184, 209, 208, 184, 185, 210, 209, 185, 186, 211, 210, 186, 187, 212, 211, 187, 188, 213, 212, 188, 189, 214, 213, 189, 190, 215, 214, 190, 191, 216, 215, 191, 192, 217, 216, 192, 193, 218, 217, 193, 194, 219, 218, 194, 195, 220, 219, 195, 196, 221, 220, 196, 197, 222, 221, 197, 198, 223, 222, 198, 199, 224, 223]
                    point3f[] points = [(0.9820833, -0.46, 0.555), (0.9750422, -0.42166665, 0.555), (0.96861345, -0.38333333, 0.555), (0.96279687, -0.345, 0.555), (0.9575926, -0.30666667, 0.555), (0.9530006, -0.26833335, 0.555), (0.94902086, -0.23, 0.555), (0.9456534, -0.19166666, 0.555), (0.94289815, -0.15333334, 0.555), (0.9407552, -0.115, 0.555), (0.93922454, -0.07666667, 0.555), (0.93830615, -0.038333334, 0.555), (0.938, 0, 0.555), (0.93830615, 0.038333334, 0.555), (0.93922454, 0.07666667, 0.555), (0.9407552, 0.115, 0.555), (0.94289815, 0.15333334, 0.555), (0.9456534, 0.19166666, 0.555), (0.94902086, 0.23, 0.555), (0.9530006, 0.26833335, 0.555), (0.9575926, 0.30666667, 0.555), (0.96279687, 0.345, 0.555), (0.96861345, 0.38333333, 0.555), (0.9750422, 0.42166665, 0.555), (0.9820833, 0.46, 0.555), (0.9820833, -0.46, 0.57125), (0.9750422, -0.42166665, 0.57125), (0.96861345, -0.38333333, 0.57125), (0.96279687, -0.345, 0.57125), (0.9575926, -0.30666667, 0.57125), (0.9530006, -0.26833335, 0.57125), (0.94902086, -0.23, 0.57125), (0.9456534, -0.19166666, 0.57125), (0.94289815, -0.15333334, 0.57125), (0.9407552, -0.115, 0.57125), (0.93922454, -0.07666667, 0.57125), (0.93830615, -0.038333334, 0.57125), (0.938, 0, 0.57125), (0.93830615, 0.038333334, 0.57125), (0.93922454, 0.07666667, 0.57125), (0.9407552, 0.115, 0.57125), (0.94289815, 0.15333334, 0.57125), (0.9456534, 0.19166666, 0.57125), (0.94902086, 0.23, 0.57125), (0.9530006, 0.26833335, 0.57125), (0.9575926, 0.30666667, 0.57125), (0.96279687, 0.345, 0.57125), (0.96861345, 0.38333333, 0.57125), (0.9750422, 0.42166665, 0.57125), (0.9820833, 0.46, 0.57125), (0.9820833, -0.46, 0.5875), (0.9750422, -0.42166665, 0.5875), (0.96861345, -0.38333333, 0.5875), (0.96279687, -0.345, 0.5875), (0.9575926, -0.30666667, 0.5875), (0.9530006, -0.26833335, 0.5875), (0.94902086, -0.23, 0.5875), (0.9456534, -0.19166666, 0.5875), (0.94289815, -0.15333334, 0.5875), (0.9407552, -0.115, 0.5875), (0.93922454, -0.07666667, 0.5875), (0.93830615, -0.038333334, 0.5875), (0.938, 0, 0.5875), (0.93830615, 0.038333334, 0.5875), (0.93922454, 0.07666667, 0.5875), (0.9407552, 0.115, 0.5875), (0.94289815, 0.15333334, 0.5875), (0.9456534, 0.19166666, 0.5875), (0.94902086, 0.23, 0.5875), (0.9530006, 0.26833335, 0.5875), (0.9575926, 0.30666667, 0.5875), (0.96279687, 0.345, 0.5875), (0.96861345, 0.38333333, 0.5875), (0.9750422, 0.42166665, 0.5875), (0.9820833, 0.46, 0.5875), (0.9820833, -0.46, 0.60375), (0.9750422, -0.42166665, 0.60375), (0.96861345, -0.38333333, 0.60375), (0.96279687, -0.345, 0.60375), (0.9575926, -0.30666667, 0.60375), (0.9530006, -0.26833335, 0.60375), (0.94902086, -0.23, 0.60375), (0.9456534, -0.19166666, 0.60375), (0.94289815, -0.15333334, 0.60375), (0.9407552, -0.115, 0.60375), (0.93922454, -0.07666667, 0.60375), (0.93830615, -0.038333334, 0.60375), (0.938, 0, 0.60375), (0.93830615, 0.038333334, 0.60375), (0.93922454, 0.07666667, 0.60375), (0.9407552, 0.115, 0.60375), (0.94289815, 0.15333334, 0.60375), (0.9456534, 0.19166666, 0.60375), (0.94902086, 0.23, 0.60375), (0.9530006, 0.26833335, 0.60375), (0.9575926, 0.30666667, 0.60375), (0.96279687, 0.345, 0.60375), (0.96861345, 0.38333333, 0.60375), (0.9750422, 0.42166665, 0.60375), (0.9820833, 0.46, 0.60375), (0.9820833, -0.46, 0.62), (0.9750422, -0.42166665, 0.62), (0.96861345, -0.38333333, 0.62), (0.96279687, -0.345, 0.62), (0.9575926, -0.30666667, 0.62), (0.9530006, -0.26833335, 0.62), (0.94902086, -0.23, 0.62), (0.9456534, -0.19166666, 0.62), (0.94289815, -0.15333334, 0.62), (0.9407552, -0.115, 0.62), (0.93922454, -0.07666667, 0.62), (0.93830615, -0.038333334, 0.62), (0.938, 0, 0.62), (0.93830615, 0.038333334, 0.62), (0.93922454, 0.07666667, 0.62), (0.9407552, 0.115, 0.62), (0.94289815, 0.15333334, 0.62), (0.9456534, 0.19166666, 0.62), (0.94902086, 0.23, 0.62), (0.9530006, 0.26833335, 0.62), (0.9575926, 0.30666667, 0.62), (0.96279687, 0.345, 0.62), (0.96861345, 0.38333333, 0.62), (0.9750422, 0.42166665, 0.62), (0.9820833, 0.46, 0.62), (0.9820833, -0.46, 0.63625), (0.9750422, -0.42166665, 0.63625), (0.96861345, -0.38333333, 0.63625), (0.96279687, -0.345, 0.63625), (0.9575926, -0.30666667, 0.63625), (0.9530006, -0.26833335, 0.63625), (0.94902086, -0.23, 0.63625), (0.9456534, -0.19166666, 0.63625), (0.94289815, -0.15333334, 0.63625), (0.9407552, -0.115, 0.63625), (0.93922454, -0.07666667, 0.63625), (0.93830615, -0.038333334, 0.63625), (0.938, 0, 0.63625), (0.93830615, 0.038333334, 0.63625), (0.93922454, 0.07666667, 0.63625), (0.9407552, 0.115, 0.63625), (0.94289815, 0.15333334, 0.63625), (0.9456534, 0.19166666, 0.63625), (0.94902086, 0.23, 0.63625), (0.9530006, 0.26833335, 0.63625), (0.9575926, 0.30666667, 0.63625), (0.96279687, 0.345, 0.63625), (0.96861345, 0.38333333, 0.63625), (0.9750422, 0.42166665, 0.63625), (0.9820833, 0.46, 0.63625), (0.9820833, -0.46, 0.6525), (0.9750422, -0.42166665, 0.6525), (0.96861345, -0.38333333, 0.6525), (0.96279687, -0.345, 0.6525), (0.9575926, -0.30666667, 0.6525), (0.9530006, -0.26833335, 0.6525), (0.94902086, -0.23, 0.6525), (0.9456534, -0.19166666, 0.6525), (0.94289815, -0.15333334, 0.6525), (0.9407552, -0.115, 0.6525), (0.93922454, -0.07666667, 0.6525), (0.93830615, -0.038333334, 0.6525), (0.938, 0, 0.6525), (0.93830615, 0.038333334, 0.6525), (0.93922454, 0.07666667, 0.6525), (0.9407552, 0.115, 0.6525), (0.94289815, 0.15333334, 0.6525), (0.9456534, 0.19166666, 0.6525), (0.94902086, 0.23, 0.6525), (0.9530006, 0.26833335, 0.6525), (0.9575926, 0.30666667, 0.6525), (0.96279687, 0.345, 0.6525), (0.96861345, 0.38333333, 0.6525), (0.9750422, 0.42166665, 0.6525), (0.9820833, 0.46, 0.6525), (0.9820833, -0.46, 0.66875), (0.9750422, -0.42166665, 0.66875), (0.96861345, -0.38333333, 0.66875), (0.96279687, -0.345, 0.66875), (0.9575926, -0.30666667, 0.66875), (0.9530006, -0.26833335, 0.66875), (0.94902086, -0.23, 0.66875), (0.9456534, -0.19166666, 0.66875), (0.94289815, -0.15333334, 0.66875), (0.9407552, -0.115, 0.66875), (0.93922454, -0.07666667, 0.66875), (0.93830615, -0.038333334, 0.66875), (0.938, 0, 0.66875), (0.93830615, 0.038333334, 0.66875), (0.93922454, 0.07666667, 0.66875), (0.9407552, 0.115, 0.66875), (0.94289815, 0.15333334, 0.66875), (0.9456534, 0.19166666, 0.66875), (0.94902086, 0.23, 0.66875), (0.9530006, 0.26833335, 0.66875), (0.9575926, 0.30666667, 0.66875), (0.96279687, 0.345, 0.66875), (0.96861345, 0.38333333, 0.66875), (0.9750422, 0.42166665, 0.66875), (0.9820833, 0.46, 0.66875), (0.9820833, -0.46, 0.685), (0.9750422, -0.42166665, 0.685), (0.96861345, -0.38333333, 0.685), (0.96279687, -0.345, 0.685), (0.9575926, -0.30666667, 0.685), (0.9530006, -0.26833335, 0.685), (0.94902086, -0.23, 0.685), (0.9456534, -0.19166666, 0.685), (0.94289815, -0.15333334, 0.685), (0.9407552, -0.115, 0.685), (0.93922454, -0.07666667, 0.685), (0.93830615, -0.038333334, 0.685), (0.938, 0, 0.685), (0.93830615, 0.038333334, 0.685), (0.93922454, 0.07666667, 0.685), (0.9407552, 0.115, 0.685), (0.94289815, 0.15333334, 0.685), (0.9456534, 0.19166666, 0.685), (0.94902086, 0.23, 0.685), (0.9530006, 0.26833335, 0.685), (0.9575926, 0.30666667, 0.685), (0.96279687, 0.345, 0.685), (0.96861345, 0.38333333, 0.685), (0.9750422, 0.42166665, 0.685), (0.9820833, 0.46, 0.685)]
                    color3f[] primvars:displayColor = [(0.055, 0.07, 0.085)]
                    uniform token subdivisionScheme = "none"
                    float3 xformOp:rotateXYZ = (0, 0, 0)
                    float3 xformOp:scale = (1, 1, 1)
                    double3 xformOp:translate = (0, 0, 0)
                    uniform token[] xformOpOrder = ["xformOp:translate", "xformOp:rotateXYZ", "xformOp:scale"]
                }

                def Xform "Holes"
                {
                    def Xform "H01"
                    {
                        def Cylinder "Bushing"
                        {
                            uniform token axis = "Z"
                            double height = 0.019999999999999993
                            color3f[] primvars:displayColor = [(0.68, 0.72, 0.77)]
                            double radius = 0.014
                            matrix4d xformOp:transform = ( (0.022004889975550057, -0.14669926650366857, 0.9889363528682976, 0), (-0.14669926650366857, 0.9779951100244495, 0.14834045293024575, 0), (-0.9889363528682976, -0.14834045293024575, -4.440892098500626e-16, 0), (0.9611770183541072, -0.3623734472468839, 0.62, 1) )
                            double3 xformOp:translate = (0, 0, 0)
                            uniform token[] xformOpOrder = ["xformOp:translate", "xformOp:transform"]
                        }

                        def Cylinder "Bore"
                        {
                            uniform token axis = "Z"
                            double height = 0.0029999999999999155
                            color3f[] primvars:displayColor = [(0.006, 0.009, 0.012)]
                            double radius = 0.005
                            matrix4d xformOp:transform = ( (0.022004889975554165, -0.1466992665036815, 0.9889363528682955, 0), (-0.1466992665036815, 0.9779951100244456, 0.14834045293025913, 0), (-0.9889363528682955, -0.14834045293025913, -2.220446049250313e-16, 0), (0.9488153139432535, -0.364227702908512, 0.62, 1) )
                            double3 xformOp:translate = (0, 0, 0)
                            uniform token[] xformOpOrder = ["xformOp:translate", "xformOp:transform"]
                        }

                        def Cylinder "Centerline"
                        {
                            uniform token axis = "Z"
                            double height = 0.162
                            color3f[] primvars:displayColor = [(0.1, 0.95, 0.48)]
                            double radius = 0.0018
                            matrix4d xformOp:transform = ( (0.022004889975549835, -0.14669926650366755, 0.9889363528682977, 0), (-0.14669926650366755, 0.9779951100244498, 0.14834045293024467, 0), (-0.9889363528682977, -0.14834045293024467, -2.220446049250313e-16, 0), (0.8632723194201457, -0.37705915208697816, 0.62, 1) )
                            double3 xformOp:translate = (0, 0, 0)
                            uniform token[] xformOpOrder = ["xformOp:translate", "xformOp:transform"]
                        }
                    }

                    def Xform "H02"
                    {
                        def Cylinder "Bushing"
                        {
                            uniform token axis = "Z"
                            double height = 0.01999999999999992
                            color3f[] primvars:displayColor = [(0.68, 0.72, 0.77)]
                            double radius = 0.014
                            matrix4d xformOp:transform = ( (0.005593536357986095, -0.0745804847731524, 0.9971993098884565, 0), (-0.0745804847731524, 0.9944064636420135, 0.07478994824163561, 0), (-0.9971993098884565, -0.07478994824163561, -4.440892098500626e-16, 0), (0.9407948110417846, -0.18119663917186615, 0.62, 1) )
                            double3 xformOp:translate = (0, 0, 0)
                            uniform token[] xformOpOrder = ["xformOp:translate", "xformOp:transform"]
                        }

                        def Cylinder "Bore"
                        {
                            uniform token axis = "Z"
                            double height = 0.002999999999999933
                            color3f[] primvars:displayColor = [(0.006, 0.009, 0.012)]
                            double radius = 0.005
                            matrix4d xformOp:transform = ( (0.005593536357986428, -0.07458048477315286, 0.9971993098884564, 0), (-0.07458048477315286, 0.9944064636420133, 0.07478994824163608, 0), (-0.9971993098884564, -0.07478994824163608, -2.220446049250313e-16, 0), (0.928329819668179, -0.18213151352488657, 0.62, 1) )
                            double3 xformOp:translate = (0, 0, 0)
                            uniform token[] xformOpOrder = ["xformOp:translate", "xformOp:transform"]
                        }

                        def Cylinder "Centerline"
                        {
                            uniform token axis = "Z"
                            double height = 0.16200000000000003
                            color3f[] primvars:displayColor = [(0.1, 0.95, 0.48)]
                            double radius = 0.0018
                            matrix4d xformOp:transform = ( (0.005593536357986095, -0.07458048477315102, 0.9971993098884565, 0), (-0.07458048477315102, 0.9944064636420137, 0.07478994824163422, 0), (-0.9971993098884565, -0.07478994824163422, -2.220446049250313e-16, 0), (0.8420720793628274, -0.18860084404778793, 0.62, 1) )
                            double3 xformOp:translate = (0, 0, 0)
                            uniform token[] xformOpOrder = ["xformOp:translate", "xformOp:transform"]
                        }
                    }

                    def Xform "H03"
                    {
                        def Cylinder "Bushing"
                        {
                            uniform token axis = "Z"
                            double height = 0.020000000000000018
                            color3f[] primvars:displayColor = [(0.68, 0.72, 0.77)]
                            double radius = 0.014
                            matrix4d xformOp:transform = ( (-2.220446049250313e-16, 0, 1.0000000000000002, 0), (0, 1, -0, 0), (-1.0000000000000002, 0, -2.220446049250313e-16, 0), (0.9339999999999999, 0, 0.62, 1) )
                            double3 xformOp:translate = (0, 0, 0)
                            uniform token[] xformOpOrder = ["xformOp:translate", "xformOp:transform"]
                        }

                        def Cylinder "Bore"
                        {
                            uniform token axis = "Z"
                            double height = 0.0030000000000000027
                            color3f[] primvars:displayColor = [(0.006, 0.009, 0.012)]
                            double radius = 0.005
                            matrix4d xformOp:transform = ( (-2.220446049250313e-16, 0, 1.0000000000000002, 0), (0, 1, -0, 0), (-1.0000000000000002, 0, -2.220446049250313e-16, 0), (0.9215, 0, 0.62, 1) )
                            double3 xformOp:translate = (0, 0, 0)
                            uniform token[] xformOpOrder = ["xformOp:translate", "xformOp:transform"]
                        }

                        def Cylinder "Centerline"
                        {
                            uniform token axis = "Z"
                            double height = 0.16199999999999992
                            color3f[] primvars:displayColor = [(0.1, 0.95, 0.48)]
                            double radius = 0.0018
                            matrix4d xformOp:transform = ( (-2.220446049250313e-16, 0, 1.0000000000000002, 0), (0, 1, -0, 0), (-1.0000000000000002, 0, -2.220446049250313e-16, 0), (0.835, 0, 0.62, 1) )
                            double3 xformOp:translate = (0, 0, 0)
                            uniform token[] xformOpOrder = ["xformOp:translate", "xformOp:transform"]
                        }
                    }

                    def Xform "H04"
                    {
                        def Cylinder "Bushing"
                        {
                            uniform token axis = "Z"
                            double height = 0.01999999999999992
                            color3f[] primvars:displayColor = [(0.68, 0.72, 0.77)]
                            double radius = 0.014
                            matrix4d xformOp:transform = ( (0.005593536357986095, 0.0745804847731524, 0.9971993098884565, 0), (0.0745804847731524, 0.9944064636420135, -0.07478994824163561, 0), (-0.9971993098884565, 0.07478994824163561, -4.440892098500626e-16, 0), (0.9407948110417846, 0.18119663917186615, 0.62, 1) )
                            double3 xformOp:translate = (0, 0, 0)
                            uniform token[] xformOpOrder = ["xformOp:translate", "xformOp:transform"]
                        }

                        def Cylinder "Bore"
                        {
                            uniform token axis = "Z"
                            double height = 0.002999999999999933
                            color3f[] primvars:displayColor = [(0.006, 0.009, 0.012)]
                            double radius = 0.005
                            matrix4d xformOp:transform = ( (0.005593536357986428, 0.07458048477315286, 0.9971993098884564, 0), (0.07458048477315286, 0.9944064636420133, -0.07478994824163608, 0), (-0.9971993098884564, 0.07478994824163608, -2.220446049250313e-16, 0), (0.928329819668179, 0.18213151352488657, 0.62, 1) )
                            double3 xformOp:translate = (0, 0, 0)
                            uniform token[] xformOpOrder = ["xformOp:translate", "xformOp:transform"]
                        }

                        def Cylinder "Centerline"
                        {
                            uniform token axis = "Z"
                            double height = 0.16200000000000003
                            color3f[] primvars:displayColor = [(0.1, 0.95, 0.48)]
                            double radius = 0.0018
                            matrix4d xformOp:transform = ( (0.005593536357986095, 0.07458048477315102, 0.9971993098884565, 0), (0.07458048477315102, 0.9944064636420137, -0.07478994824163422, 0), (-0.9971993098884565, 0.07478994824163422, -2.220446049250313e-16, 0), (0.8420720793628274, 0.18860084404778793, 0.62, 1) )
                            double3 xformOp:translate = (0, 0, 0)
                            uniform token[] xformOpOrder = ["xformOp:translate", "xformOp:transform"]
                        }
                    }

                    def Xform "H05"
                    {
                        def Cylinder "Bushing"
                        {
                            uniform token axis = "Z"
                            double height = 0.019999999999999993
                            color3f[] primvars:displayColor = [(0.68, 0.72, 0.77)]
                            double radius = 0.014
                            matrix4d xformOp:transform = ( (0.022004889975550057, 0.14669926650366857, 0.9889363528682976, 0), (0.14669926650366857, 0.9779951100244495, -0.14834045293024575, 0), (-0.9889363528682976, 0.14834045293024575, -4.440892098500626e-16, 0), (0.9611770183541072, 0.3623734472468839, 0.62, 1) )
                            double3 xformOp:translate = (0, 0, 0)
                            uniform token[] xformOpOrder = ["xformOp:translate", "xformOp:transform"]
                        }

                        def Cylinder "Bore"
                        {
                            uniform token axis = "Z"
                            double height = 0.0029999999999999155
                            color3f[] primvars:displayColor = [(0.006, 0.009, 0.012)]
                            double radius = 0.005
                            matrix4d xformOp:transform = ( (0.022004889975554165, 0.1466992665036815, 0.9889363528682955, 0), (0.1466992665036815, 0.9779951100244456, -0.14834045293025913, 0), (-0.9889363528682955, 0.14834045293025913, -2.220446049250313e-16, 0), (0.9488153139432535, 0.364227702908512, 0.62, 1) )
                            double3 xformOp:translate = (0, 0, 0)
                            uniform token[] xformOpOrder = ["xformOp:translate", "xformOp:transform"]
                        }

                        def Cylinder "Centerline"
                        {
                            uniform token axis = "Z"
                            double height = 0.162
                            color3f[] primvars:displayColor = [(0.1, 0.95, 0.48)]
                            double radius = 0.0018
                            matrix4d xformOp:transform = ( (0.022004889975549835, 0.14669926650366755, 0.9889363528682977, 0), (0.14669926650366755, 0.9779951100244498, -0.14834045293024467, 0), (-0.9889363528682977, 0.14834045293024467, -2.220446049250313e-16, 0), (0.8632723194201457, 0.37705915208697816, 0.62, 1) )
                            double3 xformOp:translate = (0, 0, 0)
                            uniform token[] xformOpOrder = ["xformOp:translate", "xformOp:transform"]
                        }
                    }

                    def Xform "H06"
                    {
                        def Cylinder "Bushing"
                        {
                            uniform token axis = "Z"
                            double height = 0.019999999999999993
                            color3f[] primvars:displayColor = [(0.68, 0.72, 0.77)]
                            double radius = 0.014
                            matrix4d xformOp:transform = ( (0.022004889975550057, -0.14669926650366857, 0.9889363528682976, 0), (-0.14669926650366857, 0.9779951100244495, 0.14834045293024575, 0), (-0.9889363528682976, -0.14834045293024575, -4.440892098500626e-16, 0), (0.9611770183541072, -0.3623734472468839, 0.9, 1) )
                            double3 xformOp:translate = (0, 0, 0)
                            uniform token[] xformOpOrder = ["xformOp:translate", "xformOp:transform"]
                        }

                        def Cylinder "Bore"
                        {
                            uniform token axis = "Z"
                            double height = 0.0029999999999999155
                            color3f[] primvars:displayColor = [(0.006, 0.009, 0.012)]
                            double radius = 0.005
                            matrix4d xformOp:transform = ( (0.022004889975554165, -0.1466992665036815, 0.9889363528682955, 0), (-0.1466992665036815, 0.9779951100244456, 0.14834045293025913, 0), (-0.9889363528682955, -0.14834045293025913, -2.220446049250313e-16, 0), (0.9488153139432535, -0.364227702908512, 0.9, 1) )
                            double3 xformOp:translate = (0, 0, 0)
                            uniform token[] xformOpOrder = ["xformOp:translate", "xformOp:transform"]
                        }

                        def Cylinder "Centerline"
                        {
                            uniform token axis = "Z"
                            double height = 0.162
                            color3f[] primvars:displayColor = [(0.1, 0.95, 0.48)]
                            double radius = 0.0018
                            matrix4d xformOp:transform = ( (0.022004889975549835, -0.14669926650366755, 0.9889363528682977, 0), (-0.14669926650366755, 0.9779951100244498, 0.14834045293024467, 0), (-0.9889363528682977, -0.14834045293024467, -2.220446049250313e-16, 0), (0.8632723194201457, -0.37705915208697816, 0.9, 1) )
                            double3 xformOp:translate = (0, 0, 0)
                            uniform token[] xformOpOrder = ["xformOp:translate", "xformOp:transform"]
                        }
                    }

                    def Xform "H07"
                    {
                        def Cylinder "Bushing"
                        {
                            uniform token axis = "Z"
                            double height = 0.01999999999999992
                            color3f[] primvars:displayColor = [(0.68, 0.72, 0.77)]
                            double radius = 0.014
                            matrix4d xformOp:transform = ( (0.005593536357986095, -0.0745804847731524, 0.9971993098884565, 0), (-0.0745804847731524, 0.9944064636420135, 0.07478994824163561, 0), (-0.9971993098884565, -0.07478994824163561, -4.440892098500626e-16, 0), (0.9407948110417846, -0.18119663917186615, 0.9, 1) )
                            double3 xformOp:translate = (0, 0, 0)
                            uniform token[] xformOpOrder = ["xformOp:translate", "xformOp:transform"]
                        }

                        def Cylinder "Bore"
                        {
                            uniform token axis = "Z"
                            double height = 0.002999999999999933
                            color3f[] primvars:displayColor = [(0.006, 0.009, 0.012)]
                            double radius = 0.005
                            matrix4d xformOp:transform = ( (0.005593536357986428, -0.07458048477315286, 0.9971993098884564, 0), (-0.07458048477315286, 0.9944064636420133, 0.07478994824163608, 0), (-0.9971993098884564, -0.07478994824163608, -2.220446049250313e-16, 0), (0.928329819668179, -0.18213151352488657, 0.9, 1) )
                            double3 xformOp:translate = (0, 0, 0)
                            uniform token[] xformOpOrder = ["xformOp:translate", "xformOp:transform"]
                        }

                        def Cylinder "Centerline"
                        {
                            uniform token axis = "Z"
                            double height = 0.16200000000000003
                            color3f[] primvars:displayColor = [(0.1, 0.95, 0.48)]
                            double radius = 0.0018
                            matrix4d xformOp:transform = ( (0.005593536357986095, -0.07458048477315102, 0.9971993098884565, 0), (-0.07458048477315102, 0.9944064636420137, 0.07478994824163422, 0), (-0.9971993098884565, -0.07478994824163422, -2.220446049250313e-16, 0), (0.8420720793628274, -0.18860084404778793, 0.9, 1) )
                            double3 xformOp:translate = (0, 0, 0)
                            uniform token[] xformOpOrder = ["xformOp:translate", "xformOp:transform"]
                        }
                    }

                    def Xform "H08"
                    {
                        def Cylinder "Bushing"
                        {
                            uniform token axis = "Z"
                            double height = 0.020000000000000018
                            color3f[] primvars:displayColor = [(0.68, 0.72, 0.77)]
                            double radius = 0.014
                            matrix4d xformOp:transform = ( (-2.220446049250313e-16, 0, 1.0000000000000002, 0), (0, 1, -0, 0), (-1.0000000000000002, 0, -2.220446049250313e-16, 0), (0.9339999999999999, 0, 0.9, 1) )
                            double3 xformOp:translate = (0, 0, 0)
                            uniform token[] xformOpOrder = ["xformOp:translate", "xformOp:transform"]
                        }

                        def Cylinder "Bore"
                        {
                            uniform token axis = "Z"
                            double height = 0.0030000000000000027
                            color3f[] primvars:displayColor = [(0.006, 0.009, 0.012)]
                            double radius = 0.005
                            matrix4d xformOp:transform = ( (-2.220446049250313e-16, 0, 1.0000000000000002, 0), (0, 1, -0, 0), (-1.0000000000000002, 0, -2.220446049250313e-16, 0), (0.9215, 0, 0.9, 1) )
                            double3 xformOp:translate = (0, 0, 0)
                            uniform token[] xformOpOrder = ["xformOp:translate", "xformOp:transform"]
                        }

                        def Cylinder "Centerline"
                        {
                            uniform token axis = "Z"
                            double height = 0.16199999999999992
                            color3f[] primvars:displayColor = [(0.1, 0.95, 0.48)]
                            double radius = 0.0018
                            matrix4d xformOp:transform = ( (-2.220446049250313e-16, 0, 1.0000000000000002, 0), (0, 1, -0, 0), (-1.0000000000000002, 0, -2.220446049250313e-16, 0), (0.835, 0, 0.9, 1) )
                            double3 xformOp:translate = (0, 0, 0)
                            uniform token[] xformOpOrder = ["xformOp:translate", "xformOp:transform"]
                        }
                    }

                    def Xform "H09"
                    {
                        def Cylinder "Bushing"
                        {
                            uniform token axis = "Z"
                            double height = 0.01999999999999992
                            color3f[] primvars:displayColor = [(0.68, 0.72, 0.77)]
                            double radius = 0.014
                            matrix4d xformOp:transform = ( (0.005593536357986095, 0.0745804847731524, 0.9971993098884565, 0), (0.0745804847731524, 0.9944064636420135, -0.07478994824163561, 0), (-0.9971993098884565, 0.07478994824163561, -4.440892098500626e-16, 0), (0.9407948110417846, 0.18119663917186615, 0.9, 1) )
                            double3 xformOp:translate = (0, 0, 0)
                            uniform token[] xformOpOrder = ["xformOp:translate", "xformOp:transform"]
                        }

                        def Cylinder "Bore"
                        {
                            uniform token axis = "Z"
                            double height = 0.002999999999999933
                            color3f[] primvars:displayColor = [(0.006, 0.009, 0.012)]
                            double radius = 0.005
                            matrix4d xformOp:transform = ( (0.005593536357986428, 0.07458048477315286, 0.9971993098884564, 0), (0.07458048477315286, 0.9944064636420133, -0.07478994824163608, 0), (-0.9971993098884564, 0.07478994824163608, -2.220446049250313e-16, 0), (0.928329819668179, 0.18213151352488657, 0.9, 1) )
                            double3 xformOp:translate = (0, 0, 0)
                            uniform token[] xformOpOrder = ["xformOp:translate", "xformOp:transform"]
                        }

                        def Cylinder "Centerline"
                        {
                            uniform token axis = "Z"
                            double height = 0.16200000000000003
                            color3f[] primvars:displayColor = [(0.1, 0.95, 0.48)]
                            double radius = 0.0018
                            matrix4d xformOp:transform = ( (0.005593536357986095, 0.07458048477315102, 0.9971993098884565, 0), (0.07458048477315102, 0.9944064636420137, -0.07478994824163422, 0), (-0.9971993098884565, 0.07478994824163422, -2.220446049250313e-16, 0), (0.8420720793628274, 0.18860084404778793, 0.9, 1) )
                            double3 xformOp:translate = (0, 0, 0)
                            uniform token[] xformOpOrder = ["xformOp:translate", "xformOp:transform"]
                        }
                    }

                    def Xform "H10"
                    {
                        def Cylinder "Bushing"
                        {
                            uniform token axis = "Z"
                            double height = 0.019999999999999993
                            color3f[] primvars:displayColor = [(0.68, 0.72, 0.77)]
                            double radius = 0.014
                            matrix4d xformOp:transform = ( (0.022004889975550057, 0.14669926650366857, 0.9889363528682976, 0), (0.14669926650366857, 0.9779951100244495, -0.14834045293024575, 0), (-0.9889363528682976, 0.14834045293024575, -4.440892098500626e-16, 0), (0.9611770183541072, 0.3623734472468839, 0.9, 1) )
                            double3 xformOp:translate = (0, 0, 0)
                            uniform token[] xformOpOrder = ["xformOp:translate", "xformOp:transform"]
                        }

                        def Cylinder "Bore"
                        {
                            uniform token axis = "Z"
                            double height = 0.0029999999999999155
                            color3f[] primvars:displayColor = [(0.006, 0.009, 0.012)]
                            double radius = 0.005
                            matrix4d xformOp:transform = ( (0.022004889975554165, 0.1466992665036815, 0.9889363528682955, 0), (0.1466992665036815, 0.9779951100244456, -0.14834045293025913, 0), (-0.9889363528682955, 0.14834045293025913, -2.220446049250313e-16, 0), (0.9488153139432535, 0.364227702908512, 0.9, 1) )
                            double3 xformOp:translate = (0, 0, 0)
                            uniform token[] xformOpOrder = ["xformOp:translate", "xformOp:transform"]
                        }

                        def Cylinder "Centerline"
                        {
                            uniform token axis = "Z"
                            double height = 0.162
                            color3f[] primvars:displayColor = [(0.1, 0.95, 0.48)]
                            double radius = 0.0018
                            matrix4d xformOp:transform = ( (0.022004889975549835, 0.14669926650366755, 0.9889363528682977, 0), (0.14669926650366755, 0.9779951100244498, -0.14834045293024467, 0), (-0.9889363528682977, 0.14834045293024467, -2.220446049250313e-16, 0), (0.8632723194201457, 0.37705915208697816, 0.9, 1) )
                            double3 xformOp:translate = (0, 0, 0)
                            uniform token[] xformOpOrder = ["xformOp:translate", "xformOp:transform"]
                        }
                    }
                }
            }

            def Cube "Frame_008" (
                prepend apiSchemas = ["PhysicsCollisionAPI"]
            )
            {
                color3f[] primvars:displayColor = [(0.22, 0.28, 0.34)]
                double size = 1
                float3 xformOp:scale = (0.03, 0.018, 0.54)
                double3 xformOp:translate = (1.065, -0.82, 0.79)
                uniform token[] xformOpOrder = ["xformOp:translate", "xformOp:scale"]
            }

            def Cube "Frame_035" (
                prepend apiSchemas = ["PhysicsCollisionAPI"]
            )
            {
                color3f[] primvars:displayColor = [(0.22, 0.28, 0.34)]
                double size = 1
                float3 xformOp:scale = (0.03, 0.018, 0.54)
                double3 xformOp:translate = (1.065, -0.55, 0.79)
                uniform token[] xformOpOrder = ["xformOp:translate", "xformOp:scale"]
            }

            def Cube "Frame_062" (
                prepend apiSchemas = ["PhysicsCollisionAPI"]
            )
            {
                color3f[] primvars:displayColor = [(0.22, 0.28, 0.34)]
                double size = 1
                float3 xformOp:scale = (0.03, 0.018, 0.54)
                double3 xformOp:translate = (1.065, -0.28, 0.79)
                uniform token[] xformOpOrder = ["xformOp:translate", "xformOp:scale"]
            }

            def Cube "Frame_090" (
                prepend apiSchemas = ["PhysicsCollisionAPI"]
            )
            {
                color3f[] primvars:displayColor = [(0.22, 0.28, 0.34)]
                double size = 1
                float3 xformOp:scale = (0.03, 0.018, 0.54)
                double3 xformOp:translate = (1.065, 0, 0.79)
                uniform token[] xformOpOrder = ["xformOp:translate", "xformOp:scale"]
            }

            def Cube "Frame_118" (
                prepend apiSchemas = ["PhysicsCollisionAPI"]
            )
            {
                color3f[] primvars:displayColor = [(0.22, 0.28, 0.34)]
                double size = 1
                float3 xformOp:scale = (0.03, 0.018, 0.54)
                double3 xformOp:translate = (1.065, 0.28, 0.79)
                uniform token[] xformOpOrder = ["xformOp:translate", "xformOp:scale"]
            }

            def Cube "Frame_145" (
                prepend apiSchemas = ["PhysicsCollisionAPI"]
            )
            {
                color3f[] primvars:displayColor = [(0.22, 0.28, 0.34)]
                double size = 1
                float3 xformOp:scale = (0.03, 0.018, 0.54)
                double3 xformOp:translate = (1.065, 0.55, 0.79)
                uniform token[] xformOpOrder = ["xformOp:translate", "xformOp:scale"]
            }

            def Cube "Frame_172" (
                prepend apiSchemas = ["PhysicsCollisionAPI"]
            )
            {
                color3f[] primvars:displayColor = [(0.22, 0.28, 0.34)]
                double size = 1
                float3 xformOp:scale = (0.03, 0.018, 0.54)
                double3 xformOp:translate = (1.065, 0.82, 0.79)
                uniform token[] xformOpOrder = ["xformOp:translate", "xformOp:scale"]
            }

            def Cube "Stringer_034" (
                prepend apiSchemas = ["PhysicsCollisionAPI"]
            )
            {
                color3f[] primvars:displayColor = [(0.4, 0.48, 0.55)]
                double size = 1
                float3 xformOp:scale = (0.025, 0.9, 0.018)
                double3 xformOp:translate = (1.075, 0, 0.34)
                uniform token[] xformOpOrder = ["xformOp:translate", "xformOp:scale"]
            }

            def Cube "Stringer_050" (
                prepend apiSchemas = ["PhysicsCollisionAPI"]
            )
            {
                color3f[] primvars:displayColor = [(0.4, 0.48, 0.55)]
                double size = 1
                float3 xformOp:scale = (0.025, 0.9, 0.018)
                double3 xformOp:translate = (1.075, 0, 0.5)
                uniform token[] xformOpOrder = ["xformOp:translate", "xformOp:scale"]
            }

            def Cube "Stringer_076" (
                prepend apiSchemas = ["PhysicsCollisionAPI"]
            )
            {
                color3f[] primvars:displayColor = [(0.4, 0.48, 0.55)]
                double size = 1
                float3 xformOp:scale = (0.025, 0.9, 0.018)
                double3 xformOp:translate = (1.075, 0, 0.76)
                uniform token[] xformOpOrder = ["xformOp:translate", "xformOp:scale"]
            }

            def Cube "Stringer_104" (
                prepend apiSchemas = ["PhysicsCollisionAPI"]
            )
            {
                color3f[] primvars:displayColor = [(0.4, 0.48, 0.55)]
                double size = 1
                float3 xformOp:scale = (0.025, 0.9, 0.018)
                double3 xformOp:translate = (1.075, 0, 1.04)
                uniform token[] xformOpOrder = ["xformOp:translate", "xformOp:scale"]
            }

            def Cube "Stringer_124" (
                prepend apiSchemas = ["PhysicsCollisionAPI"]
            )
            {
                color3f[] primvars:displayColor = [(0.4, 0.48, 0.55)]
                double size = 1
                float3 xformOp:scale = (0.025, 0.9, 0.018)
                double3 xformOp:translate = (1.075, 0, 1.24)
                uniform token[] xformOpOrder = ["xformOp:translate", "xformOp:scale"]
            }

            def "Rivets"
            {
                def Sphere "R_26_40"
                {
                    color3f[] primvars:displayColor = [(0.72, 0.76, 0.8)]
                    double radius = 0.005
                    double3 xformOp:translate = (1.0560833333333333, -0.74, 0.4)
                    uniform token[] xformOpOrder = ["xformOp:translate"]
                }

                def Sphere "R_26_56"
                {
                    color3f[] primvars:displayColor = [(0.72, 0.76, 0.8)]
                    double radius = 0.005
                    double3 xformOp:translate = (1.0560833333333333, -0.74, 0.56)
                    uniform token[] xformOpOrder = ["xformOp:translate"]
                }

                def Sphere "R_26_72"
                {
                    color3f[] primvars:displayColor = [(0.72, 0.76, 0.8)]
                    double radius = 0.005
                    double3 xformOp:translate = (1.0560833333333333, -0.74, 0.72)
                    uniform token[] xformOpOrder = ["xformOp:translate"]
                }

                def Sphere "R_26_88"
                {
                    color3f[] primvars:displayColor = [(0.72, 0.76, 0.8)]
                    double radius = 0.005
                    double3 xformOp:translate = (1.0560833333333333, -0.74, 0.88)
                    uniform token[] xformOpOrder = ["xformOp:translate"]
                }

                def Sphere "R_26_104"
                {
                    color3f[] primvars:displayColor = [(0.72, 0.76, 0.8)]
                    double radius = 0.005
                    double3 xformOp:translate = (1.0560833333333333, -0.74, 1.04)
                    uniform token[] xformOpOrder = ["xformOp:translate"]
                }

                def Sphere "R_26_120"
                {
                    color3f[] primvars:displayColor = [(0.72, 0.76, 0.8)]
                    double radius = 0.005
                    double3 xformOp:translate = (1.0560833333333333, -0.74, 1.2)
                    uniform token[] xformOpOrder = ["xformOp:translate"]
                }

                def Sphere "R_174_40"
                {
                    color3f[] primvars:displayColor = [(0.72, 0.76, 0.8)]
                    double radius = 0.005
                    double3 xformOp:translate = (1.0560833333333333, 0.74, 0.4)
                    uniform token[] xformOpOrder = ["xformOp:translate"]
                }

                def Sphere "R_174_56"
                {
                    color3f[] primvars:displayColor = [(0.72, 0.76, 0.8)]
                    double radius = 0.005
                    double3 xformOp:translate = (1.0560833333333333, 0.74, 0.56)
                    uniform token[] xformOpOrder = ["xformOp:translate"]
                }

                def Sphere "R_174_72"
                {
                    color3f[] primvars:displayColor = [(0.72, 0.76, 0.8)]
                    double radius = 0.005
                    double3 xformOp:translate = (1.0560833333333333, 0.74, 0.72)
                    uniform token[] xformOpOrder = ["xformOp:translate"]
                }

                def Sphere "R_174_88"
                {
                    color3f[] primvars:displayColor = [(0.72, 0.76, 0.8)]
                    double radius = 0.005
                    double3 xformOp:translate = (1.0560833333333333, 0.74, 0.88)
                    uniform token[] xformOpOrder = ["xformOp:translate"]
                }

                def Sphere "R_174_104"
                {
                    color3f[] primvars:displayColor = [(0.72, 0.76, 0.8)]
                    double radius = 0.005
                    double3 xformOp:translate = (1.0560833333333333, 0.74, 1.04)
                    uniform token[] xformOpOrder = ["xformOp:translate"]
                }

                def Sphere "R_174_120"
                {
                    color3f[] primvars:displayColor = [(0.72, 0.76, 0.8)]
                    double radius = 0.005
                    double3 xformOp:translate = (1.0560833333333333, 0.74, 1.2)
                    uniform token[] xformOpOrder = ["xformOp:translate"]
                }
            }

            def Cube "FootLeft" (
                prepend apiSchemas = ["PhysicsCollisionAPI"]
            )
            {
                color3f[] primvars:displayColor = [(0.09, 0.11, 0.14)]
                double size = 1
                float3 xformOp:scale = (0.18, 0.12, 0.2)
                double3 xformOp:translate = (1.11, -0.72, 0.02)
                uniform token[] xformOpOrder = ["xformOp:translate", "xformOp:scale"]
            }

            def Cube "FootRight" (
                prepend apiSchemas = ["PhysicsCollisionAPI"]
            )
            {
                color3f[] primvars:displayColor = [(0.09, 0.11, 0.14)]
                double size = 1
                float3 xformOp:scale = (0.18, 0.12, 0.2)
                double3 xformOp:translate = (1.11, 0.72, 0.02)
                uniform token[] xformOpOrder = ["xformOp:translate", "xformOp:scale"]
            }
        }

        def Xform "StatusLights"
        {
            def Sphere "H01"
            {
                color3f[] primvars:displayColor = [(0.27, 0.31, 0.36)]
                double radius = 0.009
                double3 xformOp:translate = (0.9413982912967412, -0.36534025630548883, 0.655)
                uniform token[] xformOpOrder = ["xformOp:translate"]
            }

            def Sphere "H02"
            {
                color3f[] primvars:displayColor = [(0.27, 0.31, 0.36)]
                double radius = 0.009
                double3 xformOp:translate = (0.9208508248440155, -0.18269243813669883, 0.655)
                uniform token[] xformOpOrder = ["xformOp:translate"]
            }

            def Sphere "H03"
            {
                color3f[] primvars:displayColor = [(0.27, 0.31, 0.36)]
                double radius = 0.009
                double3 xformOp:translate = (0.9139999999999999, 0, 0.655)
                uniform token[] xformOpOrder = ["xformOp:translate"]
            }

            def Sphere "H04"
            {
                color3f[] primvars:displayColor = [(0.27, 0.31, 0.36)]
                double radius = 0.009
                double3 xformOp:translate = (0.9208508248440155, 0.18269243813669883, 0.655)
                uniform token[] xformOpOrder = ["xformOp:translate"]
            }

            def Sphere "H05"
            {
                color3f[] primvars:displayColor = [(0.27, 0.31, 0.36)]
                double radius = 0.009
                double3 xformOp:translate = (0.9413982912967412, 0.36534025630548883, 0.655)
                uniform token[] xformOpOrder = ["xformOp:translate"]
            }

            def Sphere "H06"
            {
                color3f[] primvars:displayColor = [(0.27, 0.31, 0.36)]
                double radius = 0.009
                double3 xformOp:translate = (0.9413982912967412, -0.36534025630548883, 0.935)
                uniform token[] xformOpOrder = ["xformOp:translate"]
            }

            def Sphere "H07"
            {
                color3f[] primvars:displayColor = [(0.27, 0.31, 0.36)]
                double radius = 0.009
                double3 xformOp:translate = (0.9208508248440155, -0.18269243813669883, 0.935)
                uniform token[] xformOpOrder = ["xformOp:translate"]
            }

            def Sphere "H08"
            {
                color3f[] primvars:displayColor = [(0.27, 0.31, 0.36)]
                double radius = 0.009
                double3 xformOp:translate = (0.9139999999999999, 0, 0.935)
                uniform token[] xformOpOrder = ["xformOp:translate"]
            }

            def Sphere "H09"
            {
                color3f[] primvars:displayColor = [(0.27, 0.31, 0.36)]
                double radius = 0.009
                double3 xformOp:translate = (0.9208508248440155, 0.18269243813669883, 0.935)
                uniform token[] xformOpOrder = ["xformOp:translate"]
            }

            def Sphere "H10"
            {
                color3f[] primvars:displayColor = [(0.27, 0.31, 0.36)]
                double radius = 0.009
                double3 xformOp:translate = (0.9413982912967412, 0.36534025630548883, 0.935)
                uniform token[] xformOpOrder = ["xformOp:translate"]
            }
        }

        def Xform "UR10e" (
            prepend references = @https://omniverse-content-production.s3-us-west-2.amazonaws.com/Assets/Isaac/6.0/Isaac/Robots/UniversalRobots/ur10e/ur10e.usd@
        )
        {
            over "shoulder_link"
            {
                def Xform "JointFrame"
                {
                    def Sphere "Origin"
                    {
                        color3f[] primvars:displayColor = [(0.92, 0.92, 0.92)]
                        double radius = 0.0036000000000000003
                        double3 xformOp:translate = (0, 0, 0)
                        uniform token[] xformOpOrder = ["xformOp:translate"]
                    }

                    def Cylinder "X"
                    {
                        uniform token axis = "Z"
                        double height = 0.065
                        color3f[] primvars:displayColor = [(0.95, 0.1, 0.08)]
                        double radius = 0.002
                        matrix4d xformOp:transform = ( (-2.220446049250313e-16, 0, -1.0000000000000002, 0), (-0, 1, 0, 0), (1.0000000000000002, 0, -2.220446049250313e-16, 0), (0.0325, 0, 0, 1) )
                        double3 xformOp:translate = (0, 0, 0)
                        uniform token[] xformOpOrder = ["xformOp:translate", "xformOp:transform"]
                    }

                    def Cylinder "Y"
                    {
                        uniform token axis = "Z"
                        double height = 0.065
                        color3f[] primvars:displayColor = [(0.1, 0.9, 0.18)]
                        double radius = 0.002
                        matrix4d xformOp:transform = ( (1, 0, -0, 0), (-0, -2.220446049250313e-16, -1.0000000000000002, 0), (0, 1.0000000000000002, -2.220446049250313e-16, 0), (0, 0.0325, 0, 1) )
                        double3 xformOp:translate = (0, 0, 0)
                        uniform token[] xformOpOrder = ["xformOp:translate", "xformOp:transform"]
                    }

                    def Cylinder "Z"
                    {
                        uniform token axis = "Z"
                        double height = 0.065
                        color3f[] primvars:displayColor = [(0.1, 0.34, 0.98)]
                        double radius = 0.002
                        matrix4d xformOp:transform = ( (1, 0, 0, 0), (0, 1, 0, 0), (0, 0, 1, 0), (0, 0, 0.0325, 1) )
                        double3 xformOp:translate = (0, 0, 0)
                        uniform token[] xformOpOrder = ["xformOp:translate", "xformOp:transform"]
                    }
                }
            }

            over "upper_arm_link"
            {
                def Xform "JointFrame"
                {
                    def Sphere "Origin"
                    {
                        color3f[] primvars:displayColor = [(0.92, 0.92, 0.92)]
                        double radius = 0.0036000000000000003
                        double3 xformOp:translate = (0, 0, 0)
                        uniform token[] xformOpOrder = ["xformOp:translate"]
                    }

                    def Cylinder "X"
                    {
                        uniform token axis = "Z"
                        double height = 0.065
                        color3f[] primvars:displayColor = [(0.95, 0.1, 0.08)]
                        double radius = 0.002
                        matrix4d xformOp:transform = ( (-2.220446049250313e-16, 0, -1.0000000000000002, 0), (-0, 1, 0, 0), (1.0000000000000002, 0, -2.220446049250313e-16, 0), (0.0325, 0, 0, 1) )
                        double3 xformOp:translate = (0, 0, 0)
                        uniform token[] xformOpOrder = ["xformOp:translate", "xformOp:transform"]
                    }

                    def Cylinder "Y"
                    {
                        uniform token axis = "Z"
                        double height = 0.065
                        color3f[] primvars:displayColor = [(0.1, 0.9, 0.18)]
                        double radius = 0.002
                        matrix4d xformOp:transform = ( (1, 0, -0, 0), (-0, -2.220446049250313e-16, -1.0000000000000002, 0), (0, 1.0000000000000002, -2.220446049250313e-16, 0), (0, 0.0325, 0, 1) )
                        double3 xformOp:translate = (0, 0, 0)
                        uniform token[] xformOpOrder = ["xformOp:translate", "xformOp:transform"]
                    }

                    def Cylinder "Z"
                    {
                        uniform token axis = "Z"
                        double height = 0.065
                        color3f[] primvars:displayColor = [(0.1, 0.34, 0.98)]
                        double radius = 0.002
                        matrix4d xformOp:transform = ( (1, 0, 0, 0), (0, 1, 0, 0), (0, 0, 1, 0), (0, 0, 0.0325, 1) )
                        double3 xformOp:translate = (0, 0, 0)
                        uniform token[] xformOpOrder = ["xformOp:translate", "xformOp:transform"]
                    }
                }
            }

            over "forearm_link"
            {
                def Xform "JointFrame"
                {
                    def Sphere "Origin"
                    {
                        color3f[] primvars:displayColor = [(0.92, 0.92, 0.92)]
                        double radius = 0.0036000000000000003
                        double3 xformOp:translate = (0, 0, 0)
                        uniform token[] xformOpOrder = ["xformOp:translate"]
                    }

                    def Cylinder "X"
                    {
                        uniform token axis = "Z"
                        double height = 0.065
                        color3f[] primvars:displayColor = [(0.95, 0.1, 0.08)]
                        double radius = 0.002
                        matrix4d xformOp:transform = ( (-2.220446049250313e-16, 0, -1.0000000000000002, 0), (-0, 1, 0, 0), (1.0000000000000002, 0, -2.220446049250313e-16, 0), (0.0325, 0, 0, 1) )
                        double3 xformOp:translate = (0, 0, 0)
                        uniform token[] xformOpOrder = ["xformOp:translate", "xformOp:transform"]
                    }

                    def Cylinder "Y"
                    {
                        uniform token axis = "Z"
                        double height = 0.065
                        color3f[] primvars:displayColor = [(0.1, 0.9, 0.18)]
                        double radius = 0.002
                        matrix4d xformOp:transform = ( (1, 0, -0, 0), (-0, -2.220446049250313e-16, -1.0000000000000002, 0), (0, 1.0000000000000002, -2.220446049250313e-16, 0), (0, 0.0325, 0, 1) )
                        double3 xformOp:translate = (0, 0, 0)
                        uniform token[] xformOpOrder = ["xformOp:translate", "xformOp:transform"]
                    }

                    def Cylinder "Z"
                    {
                        uniform token axis = "Z"
                        double height = 0.065
                        color3f[] primvars:displayColor = [(0.1, 0.34, 0.98)]
                        double radius = 0.002
                        matrix4d xformOp:transform = ( (1, 0, 0, 0), (0, 1, 0, 0), (0, 0, 1, 0), (0, 0, 0.0325, 1) )
                        double3 xformOp:translate = (0, 0, 0)
                        uniform token[] xformOpOrder = ["xformOp:translate", "xformOp:transform"]
                    }
                }
            }

            over "wrist_1_link"
            {
                def Xform "JointFrame"
                {
                    def Sphere "Origin"
                    {
                        color3f[] primvars:displayColor = [(0.92, 0.92, 0.92)]
                        double radius = 0.0036000000000000003
                        double3 xformOp:translate = (0, 0, 0)
                        uniform token[] xformOpOrder = ["xformOp:translate"]
                    }

                    def Cylinder "X"
                    {
                        uniform token axis = "Z"
                        double height = 0.065
                        color3f[] primvars:displayColor = [(0.95, 0.1, 0.08)]
                        double radius = 0.002
                        matrix4d xformOp:transform = ( (-2.220446049250313e-16, 0, -1.0000000000000002, 0), (-0, 1, 0, 0), (1.0000000000000002, 0, -2.220446049250313e-16, 0), (0.0325, 0, 0, 1) )
                        double3 xformOp:translate = (0, 0, 0)
                        uniform token[] xformOpOrder = ["xformOp:translate", "xformOp:transform"]
                    }

                    def Cylinder "Y"
                    {
                        uniform token axis = "Z"
                        double height = 0.065
                        color3f[] primvars:displayColor = [(0.1, 0.9, 0.18)]
                        double radius = 0.002
                        matrix4d xformOp:transform = ( (1, 0, -0, 0), (-0, -2.220446049250313e-16, -1.0000000000000002, 0), (0, 1.0000000000000002, -2.220446049250313e-16, 0), (0, 0.0325, 0, 1) )
                        double3 xformOp:translate = (0, 0, 0)
                        uniform token[] xformOpOrder = ["xformOp:translate", "xformOp:transform"]
                    }

                    def Cylinder "Z"
                    {
                        uniform token axis = "Z"
                        double height = 0.065
                        color3f[] primvars:displayColor = [(0.1, 0.34, 0.98)]
                        double radius = 0.002
                        matrix4d xformOp:transform = ( (1, 0, 0, 0), (0, 1, 0, 0), (0, 0, 1, 0), (0, 0, 0.0325, 1) )
                        double3 xformOp:translate = (0, 0, 0)
                        uniform token[] xformOpOrder = ["xformOp:translate", "xformOp:transform"]
                    }
                }
            }

            over "wrist_2_link"
            {
                def Xform "JointFrame"
                {
                    def Sphere "Origin"
                    {
                        color3f[] primvars:displayColor = [(0.92, 0.92, 0.92)]
                        double radius = 0.0036000000000000003
                        double3 xformOp:translate = (0, 0, 0)
                        uniform token[] xformOpOrder = ["xformOp:translate"]
                    }

                    def Cylinder "X"
                    {
                        uniform token axis = "Z"
                        double height = 0.065
                        color3f[] primvars:displayColor = [(0.95, 0.1, 0.08)]
                        double radius = 0.002
                        matrix4d xformOp:transform = ( (-2.220446049250313e-16, 0, -1.0000000000000002, 0), (-0, 1, 0, 0), (1.0000000000000002, 0, -2.220446049250313e-16, 0), (0.0325, 0, 0, 1) )
                        double3 xformOp:translate = (0, 0, 0)
                        uniform token[] xformOpOrder = ["xformOp:translate", "xformOp:transform"]
                    }

                    def Cylinder "Y"
                    {
                        uniform token axis = "Z"
                        double height = 0.065
                        color3f[] primvars:displayColor = [(0.1, 0.9, 0.18)]
                        double radius = 0.002
                        matrix4d xformOp:transform = ( (1, 0, -0, 0), (-0, -2.220446049250313e-16, -1.0000000000000002, 0), (0, 1.0000000000000002, -2.220446049250313e-16, 0), (0, 0.0325, 0, 1) )
                        double3 xformOp:translate = (0, 0, 0)
                        uniform token[] xformOpOrder = ["xformOp:translate", "xformOp:transform"]
                    }

                    def Cylinder "Z"
                    {
                        uniform token axis = "Z"
                        double height = 0.065
                        color3f[] primvars:displayColor = [(0.1, 0.34, 0.98)]
                        double radius = 0.002
                        matrix4d xformOp:transform = ( (1, 0, 0, 0), (0, 1, 0, 0), (0, 0, 1, 0), (0, 0, 0.0325, 1) )
                        double3 xformOp:translate = (0, 0, 0)
                        uniform token[] xformOpOrder = ["xformOp:translate", "xformOp:transform"]
                    }
                }
            }

            over "wrist_3_link"
            {
                def Xform "JointFrame"
                {
                    def Sphere "Origin"
                    {
                        color3f[] primvars:displayColor = [(0.92, 0.92, 0.92)]
                        double radius = 0.0036000000000000003
                        double3 xformOp:translate = (0, 0, 0)
                        uniform token[] xformOpOrder = ["xformOp:translate"]
                    }

                    def Cylinder "X"
                    {
                        uniform token axis = "Z"
                        double height = 0.065
                        color3f[] primvars:displayColor = [(0.95, 0.1, 0.08)]
                        double radius = 0.002
                        matrix4d xformOp:transform = ( (-2.220446049250313e-16, 0, -1.0000000000000002, 0), (-0, 1, 0, 0), (1.0000000000000002, 0, -2.220446049250313e-16, 0), (0.0325, 0, 0, 1) )
                        double3 xformOp:translate = (0, 0, 0)
                        uniform token[] xformOpOrder = ["xformOp:translate", "xformOp:transform"]
                    }

                    def Cylinder "Y"
                    {
                        uniform token axis = "Z"
                        double height = 0.065
                        color3f[] primvars:displayColor = [(0.1, 0.9, 0.18)]
                        double radius = 0.002
                        matrix4d xformOp:transform = ( (1, 0, -0, 0), (-0, -2.220446049250313e-16, -1.0000000000000002, 0), (0, 1.0000000000000002, -2.220446049250313e-16, 0), (0, 0.0325, 0, 1) )
                        double3 xformOp:translate = (0, 0, 0)
                        uniform token[] xformOpOrder = ["xformOp:translate", "xformOp:transform"]
                    }

                    def Cylinder "Z"
                    {
                        uniform token axis = "Z"
                        double height = 0.065
                        color3f[] primvars:displayColor = [(0.1, 0.34, 0.98)]
                        double radius = 0.002
                        matrix4d xformOp:transform = ( (1, 0, 0, 0), (0, 1, 0, 0), (0, 0, 1, 0), (0, 0, 0.0325, 1) )
                        double3 xformOp:translate = (0, 0, 0)
                        uniform token[] xformOpOrder = ["xformOp:translate", "xformOp:transform"]
                    }
                }
            }
        }

        def Xform "AeroDrillTool"
        {
            matrix4d xformOp:transform = ( (-2.220446049250313e-16, 0, -1.0000000000000002, 0), (0, 1, 0, 0), (1.0000000000000002, 0, -2.220446049250313e-16, 0), (0.25, 0, 0.8, 1) )
            uniform token[] xformOpOrder = ["xformOp:transform"]

            def Cylinder "Motor"
            {
                uniform token axis = "Z"
                double height = 0.14
                color3f[] primvars:displayColor = [(0.72, 0.075, 0.055)]
                double radius = 0.07
                double3 xformOp:translate = (0, 0, 0.07)
                uniform token[] xformOpOrder = ["xformOp:translate"]
            }

            def Cylinder "Gearbox"
            {
                uniform token axis = "Z"
                double height = 0.08
                color3f[] primvars:displayColor = [(0.18, 0.2, 0.23)]
                double radius = 0.058
                double3 xformOp:translate = (0, 0, 0.18)
                uniform token[] xformOpOrder = ["xformOp:translate"]
            }

            def Cylinder "ClampBody"
            {
                uniform token axis = "Z"
                double height = 0.09
                color3f[] primvars:displayColor = [(0.94, 0.55, 0.06)]
                double radius = 0.072
                double3 xformOp:translate = (0, 0, 0.265)
                uniform token[] xformOpOrder = ["xformOp:translate"]
            }

            def Cylinder "Nose"
            {
                uniform token axis = "Z"
                double height = 0.07
                color3f[] primvars:displayColor = [(0.7, 0.74, 0.78)]
                double radius = 0.027
                double3 xformOp:translate = (0, 0, 0.325)
                uniform token[] xformOpOrder = ["xformOp:translate"]
            }

            def Cylinder "DrillBit"
            {
                uniform token axis = "Z"
                double height = 0.055
                color3f[] primvars:displayColor = [(0.18, 0.2, 0.22)]
                double radius = 0.0048
                double3 xformOp:translate = (0, 0, 0.368)
                uniform token[] xformOpOrder = ["xformOp:translate"]
            }

            def Cube "VisionPod"
            {
                color3f[] primvars:displayColor = [(0.08, 0.11, 0.15)]
                double size = 1
                float3 xformOp:scale = (0.038, 0.03, 0.032)
                double3 xformOp:translate = (0.078, 0, 0.235)
                uniform token[] xformOpOrder = ["xformOp:translate", "xformOp:scale"]
            }

            def Sphere "VisionLens"
            {
                color3f[] primvars:displayColor = [(0.1, 0.65, 0.95)]
                double radius = 0.012
                double3 xformOp:translate = (0.08, 0, 0.27)
                uniform token[] xformOpOrder = ["xformOp:translate"]
            }

            def Xform "TCP"
            {
                double3 xformOp:translate = (0, 0, 0.35)
                uniform token[] xformOpOrder = ["xformOp:translate"]

                def Sphere "Origin"
                {
                    color3f[] primvars:displayColor = [(0.92, 0.92, 0.92)]
                    double radius = 0.0054
                    double3 xformOp:translate = (0, 0, 0)
                    uniform token[] xformOpOrder = ["xformOp:translate"]
                }

                def Cylinder "X"
                {
                    uniform token axis = "Z"
                    double height = 0.085
                    color3f[] primvars:displayColor = [(0.95, 0.1, 0.08)]
                    double radius = 0.003
                    matrix4d xformOp:transform = ( (-2.220446049250313e-16, 0, -1.0000000000000002, 0), (-0, 1, 0, 0), (1.0000000000000002, 0, -2.220446049250313e-16, 0), (0.0425, 0, 0, 1) )
                    double3 xformOp:translate = (0, 0, 0)
                    uniform token[] xformOpOrder = ["xformOp:translate", "xformOp:transform"]
                }

                def Cylinder "Y"
                {
                    uniform token axis = "Z"
                    double height = 0.085
                    color3f[] primvars:displayColor = [(0.1, 0.9, 0.18)]
                    double radius = 0.003
                    matrix4d xformOp:transform = ( (1, 0, -0, 0), (-0, -2.220446049250313e-16, -1.0000000000000002, 0), (0, 1.0000000000000002, -2.220446049250313e-16, 0), (0, 0.0425, 0, 1) )
                    double3 xformOp:translate = (0, 0, 0)
                    uniform token[] xformOpOrder = ["xformOp:translate", "xformOp:transform"]
                }

                def Cylinder "Z"
                {
                    uniform token axis = "Z"
                    double height = 0.085
                    color3f[] primvars:displayColor = [(0.1, 0.34, 0.98)]
                    double radius = 0.003
                    matrix4d xformOp:transform = ( (1, 0, 0, 0), (0, 1, 0, 0), (0, 0, 1, 0), (0, 0, 0.0425, 1) )
                    double3 xformOp:translate = (0, 0, 0)
                    uniform token[] xformOpOrder = ["xformOp:translate", "xformOp:transform"]
                }
            }
        }

        def "CoordinateFrames"
        {
            def Xform "UR_Base"
            {
                def Sphere "Origin"
                {
                    color3f[] primvars:displayColor = [(0.92, 0.92, 0.92)]
                    double radius = 0.007200000000000001
                    double3 xformOp:translate = (0, 0, 0)
                    uniform token[] xformOpOrder = ["xformOp:translate"]
                }

                def Cylinder "X"
                {
                    uniform token axis = "Z"
                    double height = 0.16
                    color3f[] primvars:displayColor = [(0.95, 0.1, 0.08)]
                    double radius = 0.004
                    matrix4d xformOp:transform = ( (-2.220446049250313e-16, 0, -1.0000000000000002, 0), (-0, 1, 0, 0), (1.0000000000000002, 0, -2.220446049250313e-16, 0), (0.08, 0, 0, 1) )
                    double3 xformOp:translate = (0, 0, 0)
                    uniform token[] xformOpOrder = ["xformOp:translate", "xformOp:transform"]
                }

                def Cylinder "Y"
                {
                    uniform token axis = "Z"
                    double height = 0.16
                    color3f[] primvars:displayColor = [(0.1, 0.9, 0.18)]
                    double radius = 0.004
                    matrix4d xformOp:transform = ( (1, 0, -0, 0), (-0, -2.220446049250313e-16, -1.0000000000000002, 0), (0, 1.0000000000000002, -2.220446049250313e-16, 0), (0, 0.08, 0, 1) )
                    double3 xformOp:translate = (0, 0, 0)
                    uniform token[] xformOpOrder = ["xformOp:translate", "xformOp:transform"]
                }

                def Cylinder "Z"
                {
                    uniform token axis = "Z"
                    double height = 0.16
                    color3f[] primvars:displayColor = [(0.1, 0.34, 0.98)]
                    double radius = 0.004
                    matrix4d xformOp:transform = ( (1, 0, 0, 0), (0, 1, 0, 0), (0, 0, 1, 0), (0, 0, 0.08, 1) )
                    double3 xformOp:translate = (0, 0, 0)
                    uniform token[] xformOpOrder = ["xformOp:translate", "xformOp:transform"]
                }
            }

            def Xform "ActiveHole"
            {
                token visibility = "invisible"

                def Sphere "Origin"
                {
                    color3f[] primvars:displayColor = [(0.92, 0.92, 0.92)]
                    double radius = 0.0054
                    double3 xformOp:translate = (0, 0, 0)
                    uniform token[] xformOpOrder = ["xformOp:translate"]
                }

                def Cylinder "X"
                {
                    uniform token axis = "Z"
                    double height = 0.1
                    color3f[] primvars:displayColor = [(0.95, 0.1, 0.08)]
                    double radius = 0.003
                    matrix4d xformOp:transform = ( (-2.220446049250313e-16, 0, -1.0000000000000002, 0), (-0, 1, 0, 0), (1.0000000000000002, 0, -2.220446049250313e-16, 0), (0.05, 0, 0, 1) )
                    double3 xformOp:translate = (0, 0, 0)
                    uniform token[] xformOpOrder = ["xformOp:translate", "xformOp:transform"]
                }

                def Cylinder "Y"
                {
                    uniform token axis = "Z"
                    double height = 0.1
                    color3f[] primvars:displayColor = [(0.1, 0.9, 0.18)]
                    double radius = 0.003
                    matrix4d xformOp:transform = ( (1, 0, -0, 0), (-0, -2.220446049250313e-16, -1.0000000000000002, 0), (0, 1.0000000000000002, -2.220446049250313e-16, 0), (0, 0.05, 0, 1) )
                    double3 xformOp:translate = (0, 0, 0)
                    uniform token[] xformOpOrder = ["xformOp:translate", "xformOp:transform"]
                }

                def Cylinder "Z"
                {
                    uniform token axis = "Z"
                    double height = 0.1
                    color3f[] primvars:displayColor = [(0.1, 0.34, 0.98)]
                    double radius = 0.003
                    matrix4d xformOp:transform = ( (1, 0, 0, 0), (0, 1, 0, 0), (0, 0, 1, 0), (0, 0, 0.05, 1) )
                    double3 xformOp:translate = (0, 0, 0)
                    uniform token[] xformOpOrder = ["xformOp:translate", "xformOp:transform"]
                }
            }
        }
    }

    def PhysicsScene "PhysicsScene" (
        prepend apiSchemas = ["NewtonSceneAPI", "PhysxSceneAPI"]
    )
    {
        vector3f physics:gravityDirection = (0, 0, -1)
        float physics:gravityMagnitude = 9.81
    }
}
